Track name, Artist name, Album, Playlist name, Type, ISRC
Hold On,Wilson Phillips,Wilson Phillips,hits,Playlist track,USSB29000002
"It Must Have Been Love - From the Film ""Pretty Woman""",Roxette,It Must Have Been Love,hits,Playlist track,SEAMA8777131
Nothing Compares 2 U - Live,Sinéad O'Connor,¡Released! The Human Rights Concerts 1990: An Embrace Of Hope...,hits,Playlist track,GBCBR1300075
Poison,Bell Biv DeVoe,Poison,hits,Playlist track,USMC19031167
Vogue,Madonna,Celebration (double disc version),hits,Playlist track,USWB10903600
Vision of Love,Mariah Carey,Mariah Carey,hits,Playlist track,USSM19000412
Another Day in Paradise - 2016 Remaster,Phil Collins,...But Seriously (Deluxe Edition),hits,Playlist track,USRH11602150
Hold On,En Vogue,Old School Beats,hits,Playlist track,USEE10900573
Cradle Of Love - Remastered,Billy Idol,The Very Best Of Billy Idol: Idolize Yourself,hits,Playlist track,USCH30100013
"Blaze Of Glory - From ""Young Guns II"" Soundtrack",Jon Bon Jovi,Blaze Of Glory,hits,Playlist track,USPG19090003
Do Me!,Bell Biv DeVoe,Poison,hits,Playlist track,USMC19031151
How Am I Supposed To Live Without You,Michael Bolton,A Symphony Of Hits,hits,Playlist track,US25A1900007
Pump Up The Jam,Technotronic,Pump Up The Jam,hits,Playlist track,BED018901375
Opposites Attract,Paula Abdul,Forever Your Girl,hits,Playlist track,USVI28800019
Escapade,Janet Jackson,Iconic Women of the 90's,hits,Playlist track,USAM18900717
All I Wanna Do Is Make Love To You,Heart,Brigade,hits,Playlist track,USCA29000284
Close To You,Maxi Priest,Bonafide,hits,Playlist track,GBAAA9000061
Black Velvet,Alannah Myles,Alannah Myles,hits,Playlist track,USAT20103053
Release Me,Wilson Phillips,Wilson Phillips,hits,Playlist track,USSB29000014
Don't Know Much (with Aaron Neville),Linda Ronstadt,Cry Like a Rainstorm Howl Like the Wind (feat. Aaron Neville),hits,Playlist track,USEE10170735
What's Love Got to Do with It,Tina Turner,What's Love Got to Do with It?,hits,Playlist track,USCA28400002
Say Say Say,Paul McCartney,All The Best (UK Version),hits,Playlist track,GBCCS8300875
Footloose,Kenny Loggins,"Yesterday, Today, Tomorrow - The Greatest Hits Of Kenny Loggins",hits,Playlist track,USSM18400107
Against All Odds (Take a Look at Me Now) - 2016 Remaster,Phil Collins,The Singles (Expanded),hits,Playlist track,USRH11603367
Jump - 2015 Remaster,Van Halen,1984 (Remastered),hits,Playlist track,USWB11403680
Hello,Lionel Richie,Can't Slow Down,hits,Playlist track,USMO18390012
Owner of a Lonely Heart,Yes,90125 (Deluxe Version),hits,Playlist track,USAT20702539
Ghostbusters,Ray Parker Jr.,Greatest Hits,hits,Playlist track,USAR18400117
Karma Chameleon - Remastered 2002,Culture Club,Colour By Numbers,hits,Playlist track,GBAAA0201011
Missing You - Single Version,John Waite,Driving,hits,Playlist track,USEM38400048
All Night Long (All Night) - Single Version,Lionel Richie,Back To Front,hits,Playlist track,USMO18390005
Let's Hear It for the Boy,Deniece Williams,80s 100 Hits,hits,Playlist track,USSM18400508
Dancing In the Dark,Bruce Springsteen,Born In The U.S.A.,hits,Playlist track,USSM18400416
Girls Just Want to Have Fun,Cyndi Lauper,She's So Unusual,hits,Playlist track,USSM18300548
Time After Time,Cyndi Lauper,She's So Unusual,hits,Playlist track,USSM18300650
Jump (Original Mix),The Pointer Sisters,Break Out (1983 Version - Expanded Edition),hits,Playlist track,USRC11000951
Self Control,Laura Branigan,Self Control,hits,Playlist track,USAT20903047
Like a Virgin,Madonna,Like a Virgin (Reissue),hits,Playlist track,USWB10002748
I Want to Know What Love Is - 1999 Remaster,Foreigner,Agent Provocateur,hits,Playlist track,USAT29900662
I Feel for You,Chaka Khan,I Feel for You,hits,Playlist track,USWB18400025
Out of Touch,Daryl Hall & John Oates,The Very Best of Daryl Hall / John Oates,hits,Playlist track,USRC10000836
Everybody Wants To Rule The World,Tears For Fears,Songs From The Big Chair (Super Deluxe Edition),hits,Playlist track,GBF088590110
Money For Nothing - Remastered 1996,Dire Straits,Brothers In Arms (Remastered 1996),hits,Playlist track,GBUM72102499
Crazy for You,Madonna,Celebration (double disc version),hits,Playlist track,USWB10903622
Take on Me,a-ha,Hunting High and Low (Deluxe Edition),hits,Playlist track,USWB11001072
Everytime You Go Away,Paul Young,Pure... Love,hits,Playlist track,GBBBN8500005
Can't Fight This Feeling,REO Speedwagon,Wheels Are Turnin',hits,Playlist track,USSM18400442
We Built This City,Starship,Knee Deep In The Hoopla,hits,Playlist track,USRC18503424
The Power Of Love,Huey Lewis & The News,Greatest Hits: Huey Lewis And The News,hits,Playlist track,USCA20600519
Don't You (Forget About Me) - Remastered 2001,Simple Minds,Celebrate (Greatest Hits / Expanded Edition),hits,Playlist track,GBAAA0100587
Cherish,Kool & The Gang,The Very Best Of Kool & The Gang (Reissue),hits,Playlist track,USPR39402110
St Elmo's Fire,John Parr,Letter to America,hits,Playlist track,GBMVM1100016
"The Heat Is On - From ""Beverly Hills Cop"" Soundtrack",Glenn Frey,Above The Clouds - The Collection (Deluxe),hits,Playlist track,USMC18416576
(Everything I Do) I Do It For You,Bryan Adams,Waking Up The Neighbours,hits,Playlist track,USAM19190012
Gonna Make You Sweat,C & C Music Factory,1991 O Dono Do Mundo Internacional,hits,Playlist track,USU6V9993346
Rush Rush,Paula Abdul,Spellbound,hits,Playlist track,USVI29100002
Unbelievable,EMF,Schubert Dip,hits,Playlist track,GBAYE9000089
More Than Words,Extreme,Extreme II - Pornograffitti,hits,Playlist track,USAM19090005
The First Time,Surface,The Best Of Surface...A Nice Time 4 Lovin,hits,Playlist track,USSM10027463
Motownphilly,Boyz II Men,Cooleyhighharmony (Bonus Tracks Version),hits,Playlist track,USMO19190022
Because I Love You (The Postman Song),Stevie B,Love And Emotion,hits,Playlist track,GBF069100010
Someday,Mariah Carey,Mariah Carey,hits,Playlist track,USSM19000415
All The Man That I Need,Whitney Houston,I'm Your Baby Tonight,hits,Playlist track,USAR19000121
Right Here Right Now,Jesus Jones,Doubt,hits,Playlist track,GBAYE9000326
Love Will Never Do (Without You),Janet Jackson,Rhythm Nation 1814,hits,Playlist track,USAM19500719
Good Vibrations,Marky Mark And The Funky Bunch,Music For The People,hits,Playlist track,USIR10211585
Shadow Dancing,Andy Gibb,Hello Summer,hits,Playlist track,NLF057890050
"Night Fever - From ""Saturday Night Fever"" Soundtrack",Bee Gees,How Can You Mend A Broken Heart,hits,Playlist track,NLF057790035
Stayin Alive,Bee Gees,How Can You Mend A Broken Heart,hits,Playlist track,USRH10721057
Kiss You All Over,Exile,Greatest Hits,hits,Playlist track,USSM19915889
How Deep Is Your Love,Bee Gees,Greatest,hits,Playlist track,GBAKW7701005
Baby Come Back,Player,Player,hits,Playlist track,NLF057790013
(Love Is) Thicker Than Water,Andy Gibb,Flowing Rivers,hits,Playlist track,NLF057790041
Three Times A Lady - Single Version,Commodores,The Real 70s Sound,hits,Playlist track,USMO17800521
Grease - 2007 Remaster,Frankie Valli,Frankie Valli...Is The Word,hits,Playlist track,USRH10720957
You're The One That I Want - From “Grease”,John Travolta,Grease (The Original Motion Picture Soundtrack),hits,Playlist track,NLF057890004
Lay Down Sally,Eric Clapton,Slowhand 35th Anniversary (Super Deluxe),hits,Playlist track,NLF057790026
Miss You - Remastered,The Rolling Stones,Some Girls,hits,Playlist track,GBCJN7800001
Just the Way You Are,Billy Joel,The Stranger (Legacy Edition),hits,Playlist track,USSM17700371
With A Little Luck - Remastered 1993,Wings,London Town (Expanded Edition),hits,Playlist track,GBCCS0700630
If I Can't Have You,Yvonne Elliman,Tubes Disco,hits,Playlist track,GBA077700090
"Dance, Dance, Dance (Yowsah, Yowsah, Yowsah)",CHIC,"Classic Disco 12"" Mixes",hits,Playlist track,USAT21301682
Walk Like an Egyptian,The Bangles,Different Light,hits,Playlist track,USSM18500266
Alone,Heart,Bad Animals,hits,Playlist track,USCA28700690
I Wanna Dance with Somebody (Who Loves Me),Whitney Houston,Whitney,hits,Playlist track,USAR18700121
Nothing's Gonna Stop Us Now,Starship,No Protection,hits,Playlist track,USRC18702968
C'est La Vie,Robbie Nevil,Robbie Nevil,hits,Playlist track,USUM71602455
Here I Go Again - 2018 Remaster,Whitesnake,Whitesnake (2018 Remaster),hits,Playlist track,GB01A1800010
The Way It Is,Bruce Hornsby and the Range,Essential - One For The Lads,hits,Playlist track,USSM10412626
Shakedown,Bob Seger,Greatest Hits 2,hits,Playlist track,USCA20300669
Livin' On A Prayer,Bon Jovi,Slippery When Wet,hits,Playlist track,USPR38619998
La Bamba,Los Lobos,La Bamba / Charlena,hits,Playlist track,USRH10802794
Everybody Have Fun Tonight,Wang Chung,Mosaic,hits,Playlist track,USGF18611501
Don't Dream It's Over,Crowded House,Crowded House,hits,Playlist track,USCA28600048
Always,Atlantic Starr,All In The Name Of Love,hits,Playlist track,USWB10000497
With Or Without You - Remastered,U2,The Joshua Tree (Super Deluxe),hits,Playlist track,GBUM70709792
Looking For A New Love - Radio Edit,Jody Watley,20th Century Masters: The Millennium Collection: Best Of Jody Watley,hits,Playlist track,USMC18622159
Mony Mony,Billy Idol,Vital Idol,hits,Playlist track,USNPD1222415
I Will Always Love You,Whitney Houston,The Bodyguard - Original Soundtrack Album,hits,Playlist track,USAR19200110
(I Can't Help) Falling In Love With You,UB40,Promises And Lies,hits,Playlist track,GBAAA9300027
That's The Way Love Goes,Janet Jackson,Janet,hits,Playlist track,GBAAA9300170
Weak,SWV,It's About Time,hits,Playlist track,USRC19205518
If I Ever Fall In Love,Shai,If I Ever Fall In Love,hits,Playlist track,USWWW0202541
Dreamlover,Mariah Carey,Greatest Hits,hits,Playlist track,USSM19303790
Rump Shaker,Wreckx-N-Effect,Hard Or Smooth,hits,Playlist track,USMC19238663
Informer,Snow,12 Inches Of Snow,hits,Playlist track,USEW19300006
"Nuthin' But a ""G"" Thang - Single (In the Style of Dr. Dre feat. Snoop Doggy Dogg) [Performance Track with Demonstration Vocals]",Done Again,"Nuthin' But a ""G"" Thang - Single (In the Style of Dr. Dre feat. Snoop Doggy Dogg) [Performance Track with Demonstration Vocals]",hits,Playlist track,USK4W0710073
In The Still Of The Nite (I'll Remember),Boyz II Men,Cooleyhighharmony (Bonus Tracks Version),hits,Playlist track,USMO10000058
Don't Walk Away,Jade,BET's Listening Party [Live],hits,Playlist track,USWB10604428
Lately,Jodeci,Uptown MTV Unplugged,hits,Playlist track,USMC19340916
Show Me Love,Robin S,Show Me Love,hits,Playlist track,USAT29300075
A Whole New World (Aladdin's Theme),Peabo Bryson,Passion,hits,Playlist track,USLIC0500071
If,Janet Jackson,90s Funk,hits,Playlist track,GBAAA9300172
I'm So Into You,SWV,It's About Time,hits,Playlist track,USRC19205517
End Of The Road,Boyz II Men,Cooleyhighharmony (Bonus Tracks Version),hits,Playlist track,USMO19200465
Baby Got Back,Sir Mix-A-Lot,Mack Daddy,hits,Playlist track,USSM19100221
Jump,Kris Kross,R&B: From Doo-Wop To Hip-Hop,hits,Playlist track,USSM19200696
Tears in Heaven,Eric Clapton,Rush (Music from the Motion Picture Soundtrack),hits,Playlist track,USRE19100010
My Lovin' (You're Never Gonna Get It),En Vogue,Funky Divas,hits,Playlist track,USEW19200001
Under the Bridge,Red Hot Chili Peppers,Blood Sugar Sex Magik (Deluxe Edition),hits,Playlist track,USWB19901576
Just Another Day,Jon Secada,Jon Secada,hits,Playlist track,USSB29200100
I Love Your Smile,Shanice,Inner Child,hits,Playlist track,USMO19190003
To Be With You,Mr. Big,Greatest Hits,hits,Playlist track,USAT20302609
I'm Too Sexy,Right Said Fred,Up,hits,Playlist track,GBBRL9290469
Black or White,Michael Jackson,Dangerous,hits,Playlist track,USSM19000733
Achy Breaky Heart,Billy Ray Cyrus,Some Gave All,hits,Playlist track,USPG19290113
I'll Be There,Mariah Carey,#1's,hits,Playlist track,USSM19200431
November Rain,Guns N' Roses,Use Your Illusion I,hits,Playlist track,USGF19141510
Life Is A Highway,Tom Cochrane,Mad Mad World (Deluxe),hits,Playlist track,CAUM71600209
Remember the Time,Michael Jackson,Dangerous,hits,Playlist track,USSM10020715
Finally,CeCe Peniston,Finally,hits,Playlist track,USWWW0130034
MMMBop - Single Version,Hanson,Kids Songs: Party Songs 2022,hits,Playlist track,USMR19786993
"Say You, Say Me",Lionel Richie,Dancing On The Ceiling (Expanded Edition),hits,Playlist track,USMO18582864
On My Own,Patti LaBelle,Winner In You,hits,Playlist track,USMC18618950
Broken Wings,Mr. Mister,Welcome To The Real World,hits,Playlist track,USRC18404638
How Will I Know,Whitney Houston,Whitney Houston,hits,Playlist track,USAR18500150
Party All the Time,Eddie Murphy,How Could It Be,hits,Playlist track,USSM19801503
"Burning Heart - From ""Rocky IV"" Soundtrack",Survivor,Survivor Greatest Hits,hits,Playlist track,USVR19300003
Kyrie,Mr. Mister,Welcome To The Real World,hits,Playlist track,USRC19900944
Addicted To Love,Robert Palmer,Riptide,hits,Playlist track,USIR28500003
Greatest Love of All,Whitney Houston,The Ultimate Collection,hits,Playlist track,USAR10000223
Secret Lovers,Atlantic Starr,Classics Volume 10,hits,Playlist track,USAM18502312
Centerfold,The J. Geils Band,Freeze Frame,hits,Playlist track,USCA28100075
West End Girls - 2001 Remaster,Pet Shop Boys,Please,hits,Playlist track,GBAYE0100001
There'll Be Sad Songs (To Make You Cry),Billy Ocean,Love Zone (Expanded Edition),hits,Playlist track,GBAHK9700113
Alive and Kicking - Live,Simple Minds,Big Music Tour 2015,hits,Playlist track,GBZ8N1500219
Never,Heart,Heart,hits,Playlist track,USCA28500015
Higher Love,Steve Winwood,Back In The High Life,hits,Playlist track,GBAAN8600003
Le Freak - 2018 Remaster,CHIC,C'est Chic (2018 Remaster),hits,Playlist track,USRH11803129
Da Ya Think I'm Sexy,Rod Stewart,Da Ya Think I'm Sexy?,hits,Playlist track,USUM71708957
I Will Survive - Single Version,Gloria Gaynor,20th Century Masters: The Millennium Collection: Best Of Gloria Gaynor,hits,Playlist track,USPR37800083
Y.M.C.A.,Village People,One Night At McCool's (Songs From The Motion Picture),hits,Playlist track,USPR37802455
Ring My Bell,Anita Ward,Ring My Bell,hits,Playlist track,USSZ10503009
Too Much Heaven,Bee Gees,Spirits Having Flown,hits,Playlist track,NLF057890032
When You're In Love With A Beautiful Woman,Dr. Hook,All The Best,hits,Playlist track,USCA20200125
Fire,The Pointer Sisters,Energy (Expanded Edition),hits,Playlist track,USRC10201815
Tragedy,Bee Gees,Night Fever,hits,Playlist track,NLF057990026
A Little More Love - Live,John Farnham,Highlights from The Main Event (Live),hits,Playlist track,AUBM09843704
Heart Of Glass - Special Mix,Blondie,Best Of Blondie,hits,Playlist track,USCH39600074
What a Fool Believes,The Doobie Brothers,Minute by Minute,hits,Playlist track,USWB10902441
Good Times,CHIC,Risqué,hits,Playlist track,USAT20001676
"Sugar, Sugar",The Archies,"The Very Best Of ""The Archies""",hits,Playlist track,NLG620400826
I Can't Get Next To You,The Temptations,Puzzle People,hits,Playlist track,USMO16900541
Honky Tonk Women,The Rolling Stones,Honky Tonk Women / You Can't Always Get What You Want,hits,Playlist track,USA171920240
Everyday People,Sly & The Family Stone,Stand,hits,Playlist track,USSM19913826
Dizzy,Tommy Roe,Tommy's 22 Big Ones,hits,Playlist track,USMC16949184
Hot Fun in the Summertime,Sly & The Family Stone,Greatest Hits,hits,Playlist track,USSM19901654
I'll Never Fall In Love Again,Tom Jones,The Best Of Tom Jones Country Hits 20th Century Masters The Millennium Collection,hits,Playlist track,GBF076720370
Crimson & Clover,Tommy James & The Shondells,Anthology,hits,Playlist track,GBAYE6800094
One - Single Version,Three Dog Night,Three Dog Night,hits,Playlist track,USMC16949737
Crystal Blue Persuasion,Tommy James & The Shondells,Crimson & Clover,hits,Playlist track,USRH10450857
Hair,The Cowsills,The Best Of The Cowsills,hits,Playlist track,USF096925040
Too Busy Thinking About My Baby - Single Version / Mono,Marvin Gaye,M.P.G.,hits,Playlist track,USMO16900298
Suspicious Minds,Elvis Presley,From Elvis in Memphis,hits,Playlist track,USRC16901355
Proud Mary,Creedence Clearwater Revival,Bayou Country (Expanded Edition),hits,Playlist track,USC4R0817594
Physical,Olivia Newton-John,Good Luck Chuck (Original Motion Picture Soundtrack),hits,Playlist track,USCK30700911
Eye of the Tiger,Survivor,Rocky IV,hits,Playlist track,USVR19600010
I Love Rock 'N Roll,Joan Jett & the Blackhearts,I Love Rock 'N' Roll (Expanded Edition),hits,Playlist track,USBH18100118
Ebony And Ivory,Paul McCartney,All The Best (UK Version),hits,Playlist track,GBCCS8200460
The Poor Side Of Town,Johnny Rivers,Changes,hits,Playlist track,USEM38700151
Don't You Want Me - Remastered 2012,The Human League,LOUD & PROUD: 00's Pride,hits,Playlist track,GBAAA1200305
Abracadabra,Steve Miller Band,Abracadabra,hits,Playlist track,USCA28500258
Hard to Say I'm Sorry - 2007 Remaster,Chicago,"The Best of Chicago, 40th Anniversary Edition",hits,Playlist track,USWB10702882
Tainted Love,Soft Cell,Non-Stop Erotic Cabaret,hits,Playlist track,GBF088100017
I Can't Go for That (No Can Do),Daryl Hall & John Oates,Private Eyes (Expanded Edition),hits,Playlist track,USRC10301819
Waiting for a Girl like You,Foreigner,4 (Expanded),hits,Playlist track,USAT20803008
Don't Talk to Strangers,Rick Springfield,Success Hasn't Spoiled Me Yet,hits,Playlist track,USRC18207923
One Sweet Day,Mariah Carey,Daydream,hits,Playlist track,USSM19501117
"Because You Loved Me (Theme from ""Up Close and Personal"")",Céline Dion,Falling into You,hits,Playlist track,CAC229600025
Always Be My Baby,Mariah Carey,Daydream,hits,Playlist track,USSM19501119
Give Me One Reason,Tracy Chapman,New Beginning,hits,Playlist track,USEE19900169
Tha Crossroads,Bone Thugs-N-Harmony,E. 1999 Eternal,hits,Playlist track,US23S9528108
Twisted,Keith Sweat,Keith Sweat,hits,Playlist track,USEE19694711
Missing,Everything But The Girl,Amplified Heart,hits,Playlist track,GBAHT9400251
Ironic - 2015 Remaster,Alanis Morissette,Jagged Little Pill (2015 Remaster),hits,Playlist track,USMV21500010
Exhale - Remastered,Whitney Houston,The Ultimate Collection,hits,Playlist track,USAR10000234
Sittin' Up In My Room - from Waiting to Exhale - Original Soundtrack,Brandy,Waiting To Exhale,hits,Playlist track,USAR19901177
It's All Coming Back to Me Now,Céline Dion,Falling into You,hits,Playlist track,CAC229800163
Change the World,Eric Clapton,Clapton Chronicles: The Best of Eric Clapton,hits,Playlist track,USRE19600049
Hey Lover,LL COOL J,Mr. Smith (Deluxe Edition),hits,Playlist track,USMO10000243
I'll Be Missing You (feat. Faith Evans & 112) - 2014 Remaster,Diddy,No Way Out (2014 Remaster),hits,Playlist track,USBB41400049
Un-Break My Heart,Toni Braxton,Secrets,hits,Playlist track,USLF29600015
Can't Nobody Hold Me Down (feat. Mase),Diddy,No Way Out,hits,Playlist track,USBB40580687
I Believe I Can Fly,R. Kelly,R.,hits,Playlist track,USJI19610437
Don't Let Go (Love) - 2012 Remaster,En Vogue,90s,hits,Playlist track,USEE11200806
Return of the Mack,Mark Morrison,Return of the Mack,hits,Playlist track,GBAHT0200668
How Do I Live,LeAnn Rimes,Greatest Hits,hits,Playlist track,USCRB9700025
Wannabe,Spice Girls,Spice,hits,Playlist track,GBAAA9600008
Quit Playing Games (With My Heart),Backstreet Boys,Backstreet Boys,hits,Playlist track,USJI19710152
You Make Me Wanna...,Usher,My Way,hits,Playlist track,USLF29900480
Bitch,Meredith Brooks,Blurring The Edges,hits,Playlist track,USCA29701376
Nobody (feat. Athena Cage),Keith Sweat,Keith Sweat,hits,Playlist track,USEE19900159
Semi-Charmed Life,Third Eye Blind,Third Eye Blind,hits,Playlist track,USEE19701203
Mo Money Mo Problems (feat. Puff Daddy & Mase) - 2014 Remaster,The Notorious B.I.G.,Life After Death (2014 Remastered Edition),hits,Playlist track,USAT21402732
Every Breath You Take,The Police,Synchronicity (Remastered 2003),hits,Playlist track,GBAAM0201110
Billie Jean,Michael Jackson,Thriller 25 Super Deluxe Edition,hits,Playlist track,USSM19902991
Flashdance- What A Feeling,Irene Cara,Disco Classics,hits,Playlist track,GBVUD0805248
Down Under,Men At Work,The Best Of Men At Work: Contraband,hits,Playlist track,USSM18100058
Beat It,Michael Jackson,Thriller 25 Super Deluxe Edition,hits,Playlist track,USSM19902990
Total Eclipse of the Heart,Bonnie Tyler,The Very Best of Bonnie Tyler,hits,Playlist track,GBBBN8300002
Maneater,Daryl Hall & John Oates,H2O,hits,Playlist track,USRC10301821
Sweet Dreams (Are Made of This) - Remastered,Eurythmics,Sweet Dreams (Are Made Of This),hits,Playlist track,GBARL0300589
Do You Really Want To Hurt Me,Culture Club,Kissing To Be Clever,hits,Playlist track,GBAAA8200048
You And I,Eddie Rabbitt,Radio Romance,hits,Playlist track,USCN19000144
Come On Eileen,Dexys Midnight Runners,Too Rye Ay,hits,Playlist track,GBF088200006
Shame On The Moon,Bob Seger,The Distance,hits,Playlist track,USCA28300029
Never Gonna Let You Go,Sérgio Mendes,Sergio Mendes,hits,Playlist track,USAM18300301
Let's Dance - 2018 Remaster,David Bowie,Let's Dance (2018 Remaster),hits,Playlist track,USJT11700482
Twilight Zone,Golden Earring,Cut,hits,Playlist track,NLC288200071
Hey Jude - Remastered 2015,The Beatles,1 (Remastered),hits,Playlist track,GBUM71505902
(Sittin' On) the Dock of the Bay,Otis Redding,The Dock of the Bay (Mono),hits,Playlist track,USAT21403443
This Guy's in Love with You,Herb Alpert,The Lonely Bull,hits,Playlist track,USESK1312450
"Mrs. Robinson - From ""The Graduate"" Soundtrack",Simon & Garfunkel,Bookends,hits,Playlist track,USSM16800379
Harper Valley P.T.A.,Jeannie C. Riley,"Live from Church Street Station, Vol. 2",hits,Playlist track,UKDNQ1522358
"Hello, I Love You",The Doors,Waiting for the Sun,hits,Playlist track,USEE19900744
Cry Like a Baby,The Box Tops,Cry Like A Baby,hits,Playlist track,USAR16800101
Dance to the Music,Sly & The Family Stone,Dance To The Music,hits,Playlist track,USSM19602683
Gangsta's Paradise,Coolio,Gangsta's Paradise,hits,Playlist track,USTB10400128
On Bended Knee,Boyz II Men,II,hits,Playlist track,USMO19400347
Fantasy,Mariah Carey,Daydream,hits,Playlist track,USSM19501031
Take a Bow,Madonna,Bedtime Stories,hits,Playlist track,USWB19400272
This Is How We Do It,Montell Jordan,Best Of Montell Jordan,hits,Playlist track,USUM70728132
Water Runs Dry,Boyz II Men,Twenty,hits,Playlist track,QMU9Z1100016
Freak Like Me,Adina Howard,Do You Wanna Ride?,hits,Playlist track,USEW19500001
Run-Around,Blues Traveler,Four,hits,Playlist track,USAM19400296
Have You Ever Really Loved A Woman?,Bryan Adams,18 Til I Die,hits,Playlist track,USAM19500599
Always,Bon Jovi,Cross Road,hits,Playlist track,USPR39412221
You Gotta Be,Des'ree,I Ain't Movin',hits,Playlist track,GBBBN0009325
Bette Davis Eyes,Kim Carnes,Mistaken Identity,hits,Playlist track,USCA28100081
Endless Love,Lionel Richie,Back To Front,hits,Playlist track,USMO18190008
Lady - Remastered 2006,Kenny Rogers,Love Songs,hits,Playlist track,USCN10500371
(Just Like) Starting Over - Ultimate Mix,John Lennon,GIMME SOME TRUTH. (Deluxe),hits,Playlist track,GBUM72004313
Jessie's Girl,Rick Springfield,Jessie's Girl,hits,Playlist track,GBHCD1729201
Celebration,Kool & The Gang,Celebrate!,hits,Playlist track,USPR38007190
Kiss on My List,Daryl Hall & John Oates,Voices,hits,Playlist track,USRC10301820
I Love a Rainy Night,Eddie Rabbitt,All Time Greatest Hits,hits,Playlist track,USWB19900953
9 to 5,Dolly Parton,9 To 5 And Odd Jobs,hits,Playlist track,USRN19400384
Keep on Loving You,REO Speedwagon,The Essential REO Speedwagon,hits,Playlist track,USSM10012808
Morning Train (Nine to Five),Sheena Easton,Greatest Hits,hits,Playlist track,GBAYE8000046
Being With You,Smokey Robinson,Being With You,hits,Playlist track,USMO18100484
Rapture,Blondie,Atomic/Atomix,hits,Playlist track,USCH38700028
A Woman Needs Love (Just Like You Do),Ray Parker Jr.,A Woman Needs Love (Expanded Edition),hits,Playlist track,USAR18100116
The Tide Is High,Blondie,The Best BBQ Album In The World...Ever!,hits,Playlist track,USCH38900009
Just the Two of Us,"Grover Washington, Jr.",Winelight,hits,Playlist track,USEE10900522
Slow Hand,The Pointer Sisters,Black & White (Expanded Edition),hits,Playlist track,USRC18101745
I Love You,Climax Blues Band,Flying the Flag,hits,Playlist track,USA371622046
Call Me,Blondie,Atomic/Atomix,hits,Playlist track,USCH38900008
Magic - Live,Olivia Newton-John,Olivia's Live Hits,hits,Playlist track,USNPD0714407
Rock with You - Single Version,Michael Jackson,Off the Wall,hits,Playlist track,USSM17900817
Do That To Me One More Time,Captain & Tennille,Make Your Move,hits,Playlist track,USPR37900077
Coming Up,Paul McCartney,All The Best (UK Version),hits,Playlist track,GBCCS0700086
Funkytown,Lipps Inc.,Funkytown,hits,Playlist track,USIR20200431
It's Still Rock and Roll to Me,Billy Joel,Glass Houses,hits,Playlist track,USSM18000211
Cars,Gary Numan,The Pleasure Principle,hits,Playlist track,GBAZP9700067
Cruisin',Smokey Robinson,Where There's Smoke...,hits,Playlist track,USMO17900490
Lost In Love,Air Supply,Lost in Love,hits,Playlist track,USAR18000001
Little Jeannie,Elton John,Wind of Change,hits,Playlist track,USBC19400889
Ride Like the Wind,Christopher Cross,Christopher Cross,hits,Playlist track,USWB19901342
Upside Down,Diana Ross,Diana,hits,Playlist track,USMO18000379
Please Don't Go,KC & The Sunshine Band,Do You Wanna Go Party,hits,Playlist track,GBAYE7900015
Babe,Styx,Cornerstone,hits,Playlist track,USAM17900358
The Sign,Ace of Base,The Sign,hits,Playlist track,SEVJH0803404
I'll Make Love To You,Boyz II Men,II,hits,Playlist track,USMO19400340
The Power of Love,Céline Dion,The Colour Of My Love,hits,Playlist track,CAC220003069
Hero,Mariah Carey,Music Box,hits,Playlist track,USSM19303171
Stay (I Missed You),Lisa Loeb,Stay (I Missed You),hits,Playlist track,USGF19573414
Breathe Again,Toni Braxton,Toni Braxton,hits,Playlist track,USLF29300109
"All For Love - From ""The Three Musketeers""",Bryan Adams,Ultimate,hits,Playlist track,USAM19910000
All That She Wants,Ace of Base,The Sign,hits,Playlist track,SEVJH0803401
Don't Turn Around - 2009,Ace of Base,Don't Turn Around (The Remixes),hits,Playlist track,SEVJH0805218
Bump n' Grind,R. Kelly,12 Play,hits,Playlist track,GBAHK9300172
Again,Janet Jackson,Janet,hits,Playlist track,GBAAA9300179
I'll Remember (Theme from the Motion Picture With Honors),Madonna,Something to Remember,hits,Playlist track,USWB19903141
Whatta Man,Salt-N-Pepa,Very Necessary,hits,Playlist track,USIR20300399
Wild Night,John Mellencamp,Dance Naked,hits,Playlist track,USJM19400004
You Mean the World to Me,Toni Braxton,Toni Braxton,hits,Playlist track,USLF20000240
"Can You Feel the Love Tonight - End Title/ From ""The Lion King""/Soundtrack Version",Elton John,The Lion King,hits,Playlist track,USWD10220758
Fantastic Voyage,Coolio,It Takes a Thief,hits,Playlist track,USTB10250055
Low (feat. T-Pain),Flo Rida,Mail on Sunday,hits,Playlist track,USAT20705841
Bleeding Love,Leona Lewis,Spirit,hits,Playlist track,GBHMU0700049
No One,Alicia Keys,As I Am (Expanded Edition),hits,Playlist track,USJAY0700190
Lollipop,Lil Wayne,Tha Carter III,hits,Playlist track,USCM50800556
Apologize,Timbaland,Shock Value,hits,Playlist track,USUM70722793
No Air (feat. Chris Brown),Jordin Sparks,Jordin Sparks,hits,Playlist track,GBCTA0700277
Love Song,Sara Bareilles,Little Voice,hits,Playlist track,USSM10700066
Love in This Club (feat. Young Jeezy),Usher,Here I Stand,hits,Playlist track,USLF20800001
Sexy Can I,Ray J,All I Feel,hits,Playlist track,USKO10702948
Take A Bow,Rihanna,Good Girl Gone Bad: Reloaded,hits,Playlist track,USUM70809004
Viva La Vida,Coldplay,Viva La Vida or Death and All His Friends,hits,Playlist track,GBAYE0800265
I Kissed A Girl,Katy Perry,One Of The Boys,hits,Playlist track,USCA20801738
Disturbia,Rihanna,Good Girl Gone Bad: Reloaded,hits,Playlist track,USUM70814476
Don't Stop The Music,Rihanna,Good Girl Gone Bad: Reloaded,hits,Playlist track,USUM70734700
Pocketful of Sunshine,Natasha Bedingfield,Pocketful Of Sunshine,hits,Playlist track,GBARL0701374
Closer,Ne-Yo,Year Of The Gentleman,hits,Playlist track,USUM70809378
Boom Boom Pow,Black Eyed Peas,THE E.N.D. (THE ENERGY NEVER DIES) [Deluxe Version],hits,Playlist track,USUM70955624
Poker Face,Lady Gaga,The Fame,hits,Playlist track,USUM70824409
Just Dance,Lady Gaga,The Fame,hits,Playlist track,USUM70807646
I Gotta Feeling,Black Eyed Peas,THE E.N.D. (THE ENERGY NEVER DIES) [Deluxe Version],hits,Playlist track,USUM70965169
Love Story,Taylor Swift,Fearless (Big Machine Radio Release Special),hits,Playlist track,USCJY0803275
Right Round,Flo Rida,R.O.O.T.S. (Route of Overcoming the Struggle),hits,Playlist track,USAT20900156
I'm Yours,Jason Mraz,Classical Spa Relaxation Collection,hits,Playlist track,USA560966042
Single Ladies (Put a Ring on It),Beyoncé,I AM...SASHA FIERCE - Platinum Edition,hits,Playlist track,USSM10803760
Heartless,Kanye West,808s & Heartbreak,hits,Playlist track,USUM70840511
Gives You Hell,The All-American Rejects,When The World Comes Down,hits,Playlist track,USUM70837368
You Belong With Me (Taylor’s Version),Taylor Swift,Trending November 2021,hits,Playlist track,USUG12100622
Use Somebody,Kings of Leon,Only By The Night,hits,Playlist track,USRC10800301
Knock You Down,Keri Hilson,In A Perfect World...,hits,Playlist track,USUM70955396
Blame It,Jamie Foxx,Intuition,hits,Playlist track,USJAY0800389
I Know You Want Me (Calle Ocho),Pitbull,Pitbull Starring In Rebelution,hits,Playlist track,USJAY0900144
Down,Jay Sean,All Or Nothing,hits,Playlist track,USCM50900094
Hanging By A Moment - Acoustic Version,Lifehouse,Who We Are (Expanded Edition),hits,Playlist track,USDW10110205
Fallin',Alicia Keys,Songs In A Minor,hits,Playlist track,USJAY0100057
Drops of Jupiter (Tell Me),Train,Drops Of Jupiter,hits,Playlist track,USSM10019751
I'm Real,Jennifer Lopez,Dance Again...The Hits,hits,Playlist track,USSM11204301
If You're Gone,Matchbox Twenty,Mad Season (Deluxe Edition),hits,Playlist track,USAT22003208
Again,Lenny Kravitz,Again,hits,Playlist track,USVI20000423
Independent Women Part I,Destiny's Child,Survivor,hits,Playlist track,USSM10013276
Hit 'Em Up Style (Oops!),Blu Cantrell,So Blu,hits,Playlist track,USAR10100372
It Wasnt Me,Shaggy,Dancehall,hits,Playlist track,FR8GV1904430
It's Been Awhile,Staind,Break the Cycle,hits,Playlist track,USEE10100288
U Remind Me,Usher,8701,hits,Playlist track,USLF20100029
Angel,Shaggy,Hot Shot,hits,Playlist track,USMC19989405
Follow Me,Uncle Kracker,Double Wide,hits,Playlist track,USAT20001583
Peaches & Cream,112,Part III,hits,Playlist track,USBB40581358
Uptown Funk (feat. Bruno Mars),Mark Ronson,Uptown Special,hits,Playlist track,GBARL1401524
Thinking out Loud,Ed Sheeran,x (Deluxe Edition),hits,Playlist track,GBAHS1400099
See You Again (feat. Charlie Puth),Wiz Khalifa,See You Again (feat. Charlie Puth),hits,Playlist track,USAT21703595
Trap Queen,Fetty Wap,Fetty Wap (Deluxe),hits,Playlist track,QM7XC1400004
Sugar,Maroon 5,V,hits,Playlist track,USUM71410340
Shut Up and Dance,WALK THE MOON,TALKING IS HARD,hits,Playlist track,USRC11401949
Blank Space,Taylor Swift,1989 (Deluxe),hits,Playlist track,USCJY1431309
Earned It (Fifty Shades Of Grey),The Weeknd,The Highlights,hits,Playlist track,USUG11500923
The Hills,The Weeknd,Beauty Behind The Madness,hits,Playlist track,USUG11500737
Can't Feel My Face,The Weeknd,Beauty Behind The Madness,hits,Playlist track,USUG11500741
"Love Me Like You Do - From ""Fifty Shades Of Grey""",Ellie Goulding,Delirium (Deluxe),hits,Playlist track,GBUM71406823
Take Me To Church,Hozier,Hozier,hits,Playlist track,IEACJ1300031
Bad Blood,Taylor Swift,1989,hits,Playlist track,USCJY1431369
Lean On (feat. MØ & DJ Snake),Major Lazer,Peace Is The Mission : Extended,hits,Playlist track,QMUY41500008
Want to Want Me,Jason Derulo,Just the Way You Are - Hit Rewind,hits,Playlist track,USWB11503046
Shake It Off,Taylor Swift,1989 (Deluxe),hits,Playlist track,USCJY1431349
Fight Song,Rachel Platten,Wildfire,hits,Playlist track,USSM11500753
"Happy - From ""Despicable Me 2""",Pharrell Williams,G I R L,hits,Playlist track,USQ4E1300686
Dark Horse,Katy Perry,Workout Hits 2022,hits,Playlist track,USUM71311296
All of Me,John Legend,Love In The Future (Expanded Edition),hits,Playlist track,USSM11303954
Fancy,Iggy Azalea,Fancy,hits,Playlist track,GBUM71402794
Counting Stars,OneRepublic,Native,hits,Playlist track,USUM71301306
Talk Dirty - Sax Version,Jason Derulo,Pop,hits,Playlist track,USWB11400053
All About That Bass,Meghan Trainor,Title (Deluxe),hits,Playlist track,USSM11401317
Problem,Ariana Grande,My Everything (Deluxe),hits,Playlist track,USUM71405403
Stay With Me,Sam Smith,In The Lonely Hour,hits,Playlist track,GBUM71308833
Timber (feat. Ke$ha),Pitbull,Global Warming: Meltdown (Deluxe Version),hits,Playlist track,USRC11301695
Shake It Off,Taylor Swift,1989 (Deluxe),hits,Playlist track,USCJY1431349
Am I Wrong,Nico & Vinz,Black Star Elephant,hits,Playlist track,USWB11304681
Turn Down for What,DJ Snake,Turn Down for What,hits,Playlist track,USSM11308174
The Monster (feat. Rihanna),Eminem,Curtain Call 2,hits,Playlist track,USUM71314082
Team,Lorde,Summer Chillout Songs,hits,Playlist track,NZUM71300124
Let Her Go,Passenger,All The Little Lights,hits,Playlist track,GBMQN1100004
Royals,Lorde,Home Workout 2021,hits,Playlist track,NZUM71200031
Breathe,Faith Hill,Breathe,hits,Playlist track,USWB19902554
Say My Name,Destiny's Child,The Writing's On The Wall,hits,Playlist track,USSM19901056
I Knew I Loved You,Savage Garden,Affirmation,hits,Playlist track,USSM19910036
Bent,Matchbox Twenty,Mad Season,hits,Playlist track,USAT20001176
He Wasn't Man Enough,Toni Braxton,The Heat,hits,Playlist track,USLF20000020
Try Again,Aaliyah,IT - The Complete Fantasy Playlist,hits,Playlist track,UKDNQ1533734
Thong Song,Sisqo,Unleash The Dragon,hits,Playlist track,USDJ29905218
Kryptonite,3 Doors Down,The Better Life,hits,Playlist track,USUR19980187
Music,Madonna,Music,hits,Playlist track,USWB10002371
What a Girl Wants,Christina Aguilera,Christina Aguilera (Expanded Edition),hits,Playlist track,USRC19901169
Back At One,Brian McKnight,Back At One,hits,Playlist track,USMO19900016
How You Remind Me,Nickelback,Silver Side Up,hits,Playlist track,NLA320119533
Foolish,Ashanti,Nineties & Noughties,hits,Playlist track,USDJ20200199
Wherever You Will Go,The Calling,Camino Palmero,hits,Playlist track,USRC10001047
A Thousand Miles,Vanessa Carlton,Be Not Nobody,hits,Playlist track,USIR10210955
In the End,Linkin Park,Hybrid Theory (Bonus Edition),hits,Playlist track,USWB10002407
What's Luv? (feat. Ja-Rule & Ashanti),Fat Joe,Jealous Ones Still Envy (J.O.S.E),hits,Playlist track,USAT20110293
U Got It Bad,Usher,8701,hits,Playlist track,USAR10100232
Blurry,Puddle Of Mudd,Come Clean,hits,Playlist track,USIR10110581
Complicated,Avril Lavigne,Let Go,hits,Playlist track,USAR10200223
Always On Time,Ja Rule,Pain Is Love,hits,Playlist track,USDJ20110760
Ain't It Funny,Jennifer Lopez,J.Lo,hits,Playlist track,USSM10018510
The Middle,Jimmy Eat World,Bleed American,hits,Playlist track,USDW10110256
U Don't Have to Call,Usher,8701,hits,Playlist track,USAR10100235
Family Affair,Mary J. Blige,No More Drama,hits,Playlist track,USMC10111369
In Da Club,50 Cent,Get Rich Or Die Tryin',hits,Playlist track,USIR10300033
Ignition - Remix,R. Kelly,Chocolate Factory,hits,Playlist track,USJI10300018
Get Busy,Sean Paul,Dutty Rock,hits,Playlist track,USAT20202575
Crazy In Love (feat. Jay-Z),Beyoncé,Dangerously In Love,hits,Playlist track,USSM10305425
When I'm Gone,3 Doors Down,Away From The Sun,hits,Playlist track,USUR10200759
Unwell - 2007 Remaster,Matchbox Twenty,Exile on Mainstream (International),hits,Playlist track,USAT20704548
Right Thurr,Chingy,Jackpot,hits,Playlist track,USCA20300292
Miss You,Aaliyah,I Care 4 U,hits,Playlist track,USUYG1352910
Picture (feat. Sheryl Crow),Kid Rock,Cocky,hits,Playlist track,USAT20110175
Bring Me To Life,Evanescence,Fallen,hits,Playlist track,USWU30200093
Get Low,Lil Jon & The East Side Boyz,Kings Of Crunk - Clean,hits,Playlist track,USTV10200105
Baby Boy (feat. Sean Paul),Beyoncé,Dangerously In Love,hits,Playlist track,USSM10305420
21 Questions,50 Cent,Get Rich Or Die Tryin',hits,Playlist track,USIR10300002
All I Have,Jennifer Lopez,Dance Again...The Hits,hits,Playlist track,USSM11204305
Beautiful,Christina Aguilera,Stripped,hits,Playlist track,USRC10201067
I Know What You Want (feat. Flipmode Squad),Busta Rhymes,It Ain't Safe No More. . .,hits,Playlist track,USJAY0200450
I'm with You,Avril Lavigne,Let Go,hits,Playlist track,USAR10200224
Drift Away,Uncle Kracker,Country Car Songs,hits,Playlist track,USAT20200718
Magic Stick,Lil' Kim,La Bella Mafia,hits,Playlist track,USAT20300283
Thrift Shop (feat. Wanz),Macklemore & Ryan Lewis,The Heist,hits,Playlist track,GMM881200003
Blurred Lines,Robin Thicke,Blurred Lines (Deluxe),hits,Playlist track,USUM71307668
Radioactive,Imagine Dragons,Night Visions,hits,Playlist track,USUM71201074
Harlem Shake,Baauer,Harlem Shake,hits,Playlist track,USZ4V1200043
Can't Hold Us (feat. Ray Dalton),Macklemore & Ryan Lewis,The Heist,hits,Playlist track,GMM881200021
Mirrors,Justin Timberlake,The 20/20 Experience (Deluxe Version),hits,Playlist track,USRC11300059
When I Was Your Man,Bruno Mars,Unorthodox Jukebox,hits,Playlist track,USAT21206701
Cruise,Florida Georgia Line,Spring Break Country 2022,hits,Playlist track,USUM71207991
Roar,Katy Perry,Kids Play Time,hits,Playlist track,USUM71308669
Locked out of Heaven,Bruno Mars,Unorthodox Jukebox,hits,Playlist track,USAT21203287
Ho Hey,The Lumineers,The Lumineers (Deluxe Edition),hits,Playlist track,USDMG1260805
Stay,Rihanna,Unapologetic (Deluxe),hits,Playlist track,USUM71214754
Get Lucky (feat. Pharrell Williams & Nile Rodgers) - Radio Edit,Daft Punk,Get Lucky (feat. Pharrell Williams & Nile Rodgers) [Radio Edit],hits,Playlist track,USQX91300809
Royals,Lorde,Home Workout 2021,hits,Playlist track,NZUM71200031
I Knew You Were Trouble.,Taylor Swift,Red (Big Machine Radio Release Special),hits,Playlist track,USCJY1231039
We Can't Stop,Miley Cyrus,Bangerz (Deluxe Version),hits,Playlist track,USRC11300686
Wrecking Ball,Miley Cyrus,Bangerz (Deluxe Version),hits,Playlist track,USRC11301214
Wake Me Up,Avicii,True,hits,Playlist track,SEUM71301326
Irreplaceable,Beyoncé,B'Day Deluxe Edition,hits,Playlist track,USSM10603620
Umbrella,Rihanna,Good Girl Gone Bad: Reloaded,hits,Playlist track,USUM70736771
The Sweet Escape,Gwen Stefani,The Sweet Escape,hits,Playlist track,USUM70618684
Big Girls Don't Cry (Personal),Fergie,The Dutchess,hits,Playlist track,USUM70609115
Buy U a Drank (Shawty Snappin') (feat. Yung Joc),T-Pain,Epiphany (Expanded Edition),hits,Playlist track,USJI10700121
Before He Cheats,Carrie Underwood,Some Hearts,hits,Playlist track,GBCTA0500197
Hey There Delilah,Plain White T's,All That We Needed,hits,Playlist track,US5260507213
I Wanna Love You,Akon,Konvicted,hits,Playlist track,USUM70615284
Say It Right,Nelly Furtado,Loose,hits,Playlist track,USUM70603368
Glamorous,Fergie,Ultimate R&B 2008 (Double Album),hits,Playlist track,USUM70766667
Don't Matter,Akon,Konvicted,hits,Playlist track,USUM70615300
Girlfriend,Avril Lavigne,The Best Damn Thing (Expanded Edition),hits,Playlist track,USRC10700021
Makes Me Wonder,Maroon 5,It Won't Be Soon Before Long (International Version),hits,Playlist track,USUM70729755
Smack That,Akon,Konvicted,hits,Playlist track,USUM70609036
This Is Why I'm Hot,MiMS,Music Is My Savior,hits,Playlist track,USCA20701945
It's Not Over,Daughtry,Daughtry,hits,Playlist track,GBCTA0600228
The Way I Are,Timbaland,Shock Value,hits,Playlist track,USUM70722806
Fergalicious,Fergie,The Dutchess,hits,Playlist track,USUM70609117
Bad Day,Daniel Powter,Daniel Powter,hits,Playlist track,USWB10401971
Temperature,Sean Paul,The Trinity,hits,Playlist track,USAT20505520
Promiscuous,Nelly Furtado,Loose,hits,Playlist track,USUM70603473
You're Beautiful,James Blunt,Back to Bedlam,hits,Playlist track,USAT20401588
Unwritten,Natasha Bedingfield,Unwritten,hits,Playlist track,GBARL0400707
Crazy,Gnarls Barkley,St. Elsewhere,hits,Playlist track,GBAHT0600202
Ridin',Chamillionaire,The Sound of Revenge,hits,Playlist track,USUM70503088
SexyBack (feat. Timbaland),Justin Timberlake,FutureSex/LoveSounds,hits,Playlist track,USJI10600269
Check On It (feat. Slim Thug),Beyoncé,Check On It (feat. Slim Thug),hits,Playlist track,USSM10505439
Be Without You,Mary J. Blige,"Essence Music Festival, Vol. 1: Songs From Our Triumphant Return to New Orleans",hits,Playlist track,GBWUL1921846
Buttons,The Pussycat Dolls,PCD,hits,Playlist track,USUM70500444
So Sick,Ne-Yo,In My Own Words,hits,Playlist track,USUM70501633
SOS,Rihanna,A Girl Like Me,hits,Playlist track,USUM70507379
I Write Sins Not Tragedies,Panic! At The Disco,A Fever You Can't Sweat Out,hits,Playlist track,US56V0507710
Somebody That I Used To Know,Gotye,Making Mirrors,hits,Playlist track,AUZS21100040
Call Me Maybe,Carly Rae Jepsen,Kiss,hits,Playlist track,CAB391100615
Payphone,Maroon 5,Overexposed Track By Track,hits,Playlist track,USUM71203347
Lights - Single Version,Ellie Goulding,Summer Hits 2010,hits,Playlist track,GBUM71028043
Stronger (What Doesn't Kill You),Kelly Clarkson,Stronger (Deluxe Version),hits,Playlist track,GBCTA1100364
We Found Love,Rihanna,Talk That Talk,hits,Playlist track,USUM71115507
Starships,Nicki Minaj,Pink Friday: Roman Reloaded The Re-Up (Explicit Version),hits,Playlist track,USCM51200060
What Makes You Beautiful,One Direction,Up All Night,hits,Playlist track,GBHMU1100018
Wild Ones (feat. Sia),Flo Rida,Wild Ones,hits,Playlist track,USAT21104103
Sexy And I Know It,LMFAO,Sorry For Party Rocking,hits,Playlist track,USUM71108090
Wide Awake,Katy Perry,Teenage Dream: The Complete Confection,hits,Playlist track,USCA21200932
Good Feeling,Flo Rida,Wild Ones,hits,Playlist track,USAT21101961
Whistle,Flo Rida,Wild Ones,hits,Playlist track,USAT21201745
One More Night,Maroon 5,Overexposed Track By Track,hits,Playlist track,USUM71203514
Drive By,Train,California 37,hits,Playlist track,USSM11106876
Yeah! (feat. Lil Jon & Ludacris),Usher,Confessions (Expanded Edition),hits,Playlist track,USAR10301423
Burn,Usher,Confessions (Expanded Edition),hits,Playlist track,USAR10400974
If I Ain't Got You,Alicia Keys,The Diary Of Alicia Keys,hits,Playlist track,USJAY0300452
This Love,Maroon 5,Rock Out,hits,Playlist track,USJAY0300080
The Way You Move (feat. Sleepy Brown),Outkast,Speakerboxxx/The Love Below,hits,Playlist track,USAR10300967
The Reason,Hoobastank,The Reason (15th Anniversary Deluxe),hits,Playlist track,USIR20300704
I Don't Wanna Know (feat. Enya & P. Diddy) - 2016 Remaster,Mario Winans,Bad Boy 20th Anniversary Box Set Edition,hits,Playlist track,USRH11603418
Hey Ya!,Outkast,Speakerboxxx/The Love Below,hits,Playlist track,USAR10300924
Goodies (feat. Petey Pablo),Ciara,Goodies,hits,Playlist track,USLF20400041
Lean Back,Terror Squad,True Story,hits,Playlist track,USUR10400288
Confessions Part II,Usher,Confessions (Expanded Edition),hits,Playlist track,USAR10400973
Freek-A-Leek,Petey Pablo,Still Writing In My Diary: 2nd Entry,hits,Playlist track,USJI10300841
Here Without You,3 Doors Down,Away From The Sun,hits,Playlist track,USUR10200764
Someday,Nickelback,"The Best of Nickelback, Vol. 1",hits,Playlist track,NLA321393043
Naughty Girl,Beyoncé,Dangerously In Love,hits,Playlist track,USSM10305418
My Immortal,Evanescence,Fallen,hits,Playlist track,USWU30200104
Sunshine (feat. Lea),Lil' Flip,U Gotta Feel Me,hits,Playlist track,USSM10402601
TiK ToK,Kesha,Animal (Expanded Edition),hits,Playlist track,USRC10900433
Need You Now,Lady A,Need You Now,hits,Playlist track,USCN10900695
"Hey, Soul Sister",Train,"Save Me, San Francisco (Golden Gate Edition)",hits,Playlist track,USSM10904113
California Gurls,Katy Perry,California Gurls,hits,Playlist track,USCA21001135
OMG (feat. will.i.am),Usher,Raymond v Raymond (Expanded Edition),hits,Playlist track,USLF20900103
Love The Way You Lie,Eminem,Recovery,hits,Playlist track,USUM71015397
Bad Romance,Lady Gaga,The Fame Monster (Deluxe Edition),hits,Playlist track,USUM70918596
Dynamite,Taio Cruz,The Rokstarr Hits Collection,hits,Playlist track,GBUM71003721
Break Your Heart,Taio Cruz,The Rokstarr Hits Collection,hits,Playlist track,GBUM70908662
I Like It,Enrique Iglesias,Euphoria,hits,Playlist track,GBUM71003038
In My Head,Jason Derulo,Jason Derulo (International),hits,Playlist track,USWB10904633
Rude Boy,Rihanna,Rated R,hits,Playlist track,USUM70912459
Telephone,Lady Gaga,The Fame Monster (Deluxe Edition),hits,Playlist track,USUM70905541
Teenage Dream,Katy Perry,Kids Mega Hits 2021,hits,Playlist track,USCA21001255
Just the Way You Are,Bruno Mars,Doo-Wops & Hooligans,hits,Playlist track,USAT21001269
Cooler Than Me - Single Mix,Mike Posner,31 Minutes to Takeoff,hits,Playlist track,USJAY1000035
Imma Be,Black Eyed Peas,Aries Mood,hits,Playlist track,USUM70967900
Party Rock Anthem,LMFAO,Sorry For Party Rocking,hits,Playlist track,USUM71100061
Firework,Katy Perry,Teenage Dream,hits,Playlist track,USCA21001262
E.T.,Katy Perry,Teenage Dream: The Complete Confection,hits,Playlist track,USCA21001256
"Give Me Everything (feat. Ne-Yo, Afrojack & Nayer)",Pitbull,Planet Pit (Deluxe Version),hits,Playlist track,USJAY1100032
Grenade,Bruno Mars,Doo-Wops & Hooligans,hits,Playlist track,USAT21001883
F**K You,CeeLo Green,Happy Hits,hits,Playlist track,USAT21001785
Super Bass,Nicki Minaj,Pink Friday (Complete Edition),hits,Playlist track,USCM51000734
"Moves Like Jagger - Studio Recording From ""The Voice"" Performance",Maroon 5,Hands All Over (Revised International Standard version),hits,Playlist track,USUM71109132
Just Can’t Get Enough,Black Eyed Peas,The Beginning,hits,Playlist track,USUM71026671
On The Floor,Jennifer Lopez,Love?,hits,Playlist track,USUM71104034
S&M,Rihanna,Loud,hits,Playlist track,USUM71026591
Pumped Up Kicks,Foster The People,Torches,hits,Playlist track,USSM11002931
Last Friday Night (T.G.I.F.),Katy Perry,Teenage Dream,hits,Playlist track,USCA21001264
Just the Way You Are,Bruno Mars,Doo-Wops & Hooligans,hits,Playlist track,USAT21001269
Tonight (I'm Fuckin' You),Enrique Iglesias,Euphoria,hits,Playlist track,GBUM71029652
Born This Way,Lady Gaga,Songs to Stick to,hits,Playlist track,USUM71100638
What's My Name?,Rihanna,Loud,hits,Playlist track,USUM71025031
We Belong Together,Mariah Carey,The Emancipation of Mimi,hits,Playlist track,USIR20500195
Hollaback Girl,Gwen Stefani,Love Angel Music Baby,hits,Playlist track,USIR10400847
Since U Been Gone,Kelly Clarkson,Breakaway,hits,Playlist track,GBCTA0400231
"1, 2 Step (feat. Missy Elliott) - Main",Ciara,Goodies,hits,Playlist track,USLF20400135
Gold Digger - AOL Sessions,Kanye West,Late Orchestration,hits,Playlist track,USUM70600321
Boulevard of Broken Dreams,Green Day,Boulevard of Broken Dreams,hits,Playlist track,USRE10401426
Candy Shop,50 Cent,The Massacre,hits,Playlist track,USIR10500072
Don't Cha,The Pussycat Dolls,PCD,hits,Playlist track,USUM70503191
Behind These Hazel Eyes,Kelly Clarkson,Breakaway,hits,Playlist track,GBCTA0400263
Disco Inferno,50 Cent,The Massacre,hits,Playlist track,USIR10401085
You And Me,Lifehouse,Lifehouse,hits,Playlist track,USDW10500001
Don't Phunk With My Heart,Black Eyed Peas,Monkey Business,hits,Playlist track,USIR10500521
Lose Control (feat. Ciara & Fat Man Scoop),Missy Elliott,The Cookbook,hits,Playlist track,USEE10414022
Shake It Off,Mariah Carey,The Emancipation of Mimi,hits,Playlist track,USIR20500246
Mr. Brightside,The Killers,Hot Fuss,hits,Playlist track,USIR20400274
Just A Lil Bit,50 Cent,The Massacre,hits,Playlist track,USIR10500279
Pon de Replay,Rihanna,Music Of The Sun,hits,Playlist track,USIR20500331
How We Do,The Game,The Documentary,hits,Playlist track,USIR10400834
Beverly Hills,Weezer,Retro 00's,hits,Playlist track,USIR10500448
The First Time Ever I Saw Your Face,Roberta Flack,First Take,hits,Playlist track,USAT20107944
Alone Again (Naturally),Gilbert O'Sullivan,Back to Front (Deluxe Edition),hits,Playlist track,GBEQJ0400002
American Pie,Don McLean,American Pie,hits,Playlist track,USEM38600088
The Candy Man,Sammy Davis Jr.,Mr. Bojangles,hits,Playlist track,USUR10000455
Lean on Me,Bill Withers,Lean on Me: The Best of Bill Withers,hits,Playlist track,USSM17200084
Baby Don't Get Hooked on Me,Mac Davis,Baby Don't Get Hooked On Me,hits,Playlist track,USSM19920756
Daddy Don't You Walk So Fast,Wayne Newton,The Best Of Wayne Newton,hits,Playlist track,USCA20807014
Let's Stay Together,Al Green,Let's Stay Together,hits,Playlist track,US2HK0913701
Oh Girl,The Chi-Lites,20 Greatest Hits,hits,Playlist track,USBWC0110024
My Ding-A-Ling,Chuck Berry,Have Mercy - His Complete Chess Recordings 1969 - 1974,hits,Playlist track,USUM70918123
Heart of Gold - 2009 Remaster,Neil Young,Harvest (2009 Remaster),hits,Playlist track,USRE10900201
Ben - Single Version,Michael Jackson,Ben,hits,Playlist track,USMO17282631
Cherish,The Association,And Then...Along Comes,hits,Playlist track,USWB19901625
Reach Out I'll Be There - Single Version / Mono,Four Tops,Motown Legends: Bernadette,hits,Playlist track,USMO16700445
Last Train to Clarksville,The Monkees,The Best of The Monkees,hits,Playlist track,USRH10281275
You Can't Hurry Love,The Supremes,The Supremes A' Go-Go (Expanded Edition),hits,Playlist track,USMO16600346
Summer in the City,The Lovin' Spoonful,Summer Party Hits - Get Lucky,hits,Playlist track,DEBL60525326
These Boots Are Made For Walkin',Nancy Sinatra,Nancy Sinatra and Friends,hits,Playlist track,GBACC1823512
What Becomes Of The Brokenhearted,Jimmy Ruffin,Greatest Motown Hits,hits,Playlist track,USMO16600489
Strangers In The Night,Frank Sinatra,Strangers In The Night (Expanded Edition),hits,Playlist track,USRH10800935
We Can Work It Out - Remastered 2015,The Beatles,1 (Remastered),hits,Playlist track,GBUM71505915
Good Lovin' - Single Version,The Young Rascals,The Young Rascals,hits,Playlist track,USAT20106062
Hanky Panky - Single Version,Tommy James & The Shondells,Hanky Panky,hits,Playlist track,USRH10284730
When a Man Loves a Woman,Percy Sledge,When a Man Loves a Woman,hits,Playlist track,USAT29902050
Believe,Cher,Believe,hits,Playlist track,GBAHT9803002
Heartbreak Hotel (feat. Faith Evans & Kelly Price),Whitney Houston,My Love Is Your Love,hits,Playlist track,USAR19800139
...Baby One More Time,Britney Spears,...Baby One More Time (Digital Deluxe Version),hits,Playlist track,USJI19810404
Kiss Me,Sixpence None The Richer,Sixpence None the Richer,hits,Playlist track,USEE19900312
Genie In a Bottle,Christina Aguilera,Christina Aguilera (Expanded Edition),hits,Playlist track,USRC19900032
Every Morning,Sugar Ray,Rhino Hi-Five: Sugar Ray,hits,Playlist track,USAT29900045
Livin' la Vida Loca,Ricky Martin,Ricky Martin,hits,Playlist track,NLB639920005
Where My Girls At,702,702,hits,Playlist track,USMO19984788
If You Had My Love,Jennifer Lopez,On The 6,hits,Playlist track,USSM19900608
Slide - Warner Sound Sessions,The Goo Goo Dolls,Warner Sound Sessions,hits,Playlist track,USWB11400694
Have You Ever,Brandy,Pop Tearjerkers,hits,Playlist track,USAT29800470
I Want It That Way,Backstreet Boys,The Hits--Chapter One,hits,Playlist track,USJI19910614
I'm Your Angel (with Céline Dion),R. Kelly,R.,hits,Playlist track,USJI19810435
All Star,Smash Mouth,Astro Lounge,hits,Playlist track,USIR19902220
Angel,Sarah McLachlan,Surfacing,hits,Playlist track,USAR19700531
The Boy Is Mine,Brandy,Never Say Never,hits,Playlist track,USAT29800316
You're Still The One,Shania Twain,Come On Over,hits,Playlist track,USMR19887499
Truly Madly Deeply,Savage Garden,Savage Garden,hits,Playlist track,USSM19700100
How Do I Live,LeAnn Rimes,Greatest Hits,hits,Playlist track,USCRB9700025
I Don't Want to Wait,Paula Cole,Greatest Hits - Postcards From East Oceanside,hits,Playlist track,USWB10601077
How's It Going to Be,Third Eye Blind,Third Eye Blind,hits,Playlist track,USEE19701206
"No, No, No Pt. 2 (feat. Wyclef Jean)",Destiny's Child,Destiny's Child,hits,Playlist track,USSM19702178
"My Heart Will Go On - Love Theme from ""Titanic""",Céline Dion,Let's Talk About Love,hits,Playlist track,CAC229700120
Gettin' Jiggy Wit It,Will Smith,Big Willie Style,hits,Playlist track,USSM19702582
You Make Me Wanna...,Usher,My Way,hits,Playlist track,USLF29900480
My Way,Usher,Live,hits,Playlist track,USLF29900901
My All,Mariah Carey,Butterfly,hits,Playlist track,USSM19701965
Been Around the World (feat. The Notorious B.I.G. & Mase),Diddy,No Way Out,hits,Playlist track,USBB40580659
Adia,Sarah McLachlan,Surfacing,hits,Playlist track,USAR19800538
To Sir With Love (From 'To Sir With Love') - 2005 Remastered Version,Lulu,To Sir With Love (The Complete Mickie Most Recordings 1967-1969),hits,Playlist track,GBAYE0500002
The Letter,The Box Tops,One Hit Only! (Original Recordings),hits,Playlist track,USA371643634
Ode To Billie Joe,Bobbie Gentry,Ode To Billie Joe,hits,Playlist track,USCN18900028
Windy - Remastered Version,The Association,Insight Out,hits,Playlist track,USWB10300946
I'm a Believer - 2006 Remaster,The Monkees,More of The Monkees (Deluxe Edition),hits,Playlist track,USRH10651278
Light My Fire,The Doors,The Doors,hits,Playlist track,USEE19900203
Somethin' Stupid (with Frank Sinatra),Nancy Sinatra,Sugar,hits,Playlist track,USASE0500045
Groovin',The Young Rascals,Groovin' (Mono),hits,Playlist track,USAT21402943
Can't Take My Eyes Off You,Frankie Valli & The Four Seasons,The 20 Greatest Hits of Frankie Valli And The Four Seasons Live,hits,Playlist track,USCRB0506772
I Think We're Alone Now - Single Version,Tommy James & The Shondells,I Think We're Alone Now,hits,Playlist track,USRH10284732
Respect,Aretha Franklin,I Never Loved a Man the Way I Love You,hits,Playlist track,USAT20801240
I Was Made To Love Her,Stevie Wonder,I Was Made To Love Her,hits,Playlist track,USMO16782628
Kind of a Drag,The Buckinghams,Pop Classics Of The 60's,hits,Playlist track,USSM16601598
Sweet Soul Music,Arthur Conley,Rhino Hi-Five: Arthur Conley,hits,Playlist track,USAT20001064
Never My Love - Remastered Version,The Association,Insight Out,hits,Playlist track,USWB10300948
"Bad, Bad Leroy Brown",Jim Croce,Life & Times,hits,Playlist track,GBAJE7100650
Killing Me Softly With His Song,Roberta Flack,Killing Me Softly,hits,Playlist track,USAT29901394
Let's Get It On,Marvin Gaye,Let's Get It On (Deluxe Edition),hits,Playlist track,USMO17300037
My Love - 2018 Remaster,Wings,Red Rose Speedway,hits,Playlist track,GBCCS1800076
Why Me,Kris Kristofferson,"Yesterday, Once More: 16 Easy Listening Melodies",hits,Playlist track,HKI199190716
Crocodile Rock,Elton John,Don't Shoot Me I'm Only The Piano Player,hits,Playlist track,GBAMB7200001
Will It Go Round In Circles,Billy Preston,Music Is My Life,hits,Playlist track,USUMG0000142
You're so Vain,Carly Simon,No Secrets,hits,Playlist track,USEE19900883
Touch Me In The Morning - Single Version,Diana Ross,Diamond Diana: The Legacy Collection,hits,Playlist track,USMO10000424
Delta Dawn,Helen Reddy,Long Hard Climb,hits,Playlist track,USCA28700187
Me and Mrs. Jones,Billy Paul,Pure... Voices,hits,Playlist track,USSM11002753
Drift Away - Single Version,Dobie Gray,Ultimate Collection: Dobie Gray,hits,Playlist track,USMC17146462
You Are The Sunshine Of My Life,Stevie Wonder,Talking Book,hits,Playlist track,USMO17282852
Half-Breed,Cher,Half-Breed,hits,Playlist track,USMC17301682
Glory of Love,Peter Cetera,Solitude / Solitaire,hits,Playlist track,USWB10000619
"I Can't Help Myself (Sugar Pie, Honey Bunch)",Four Tops,Four Tops Second Album,hits,Playlist track,USMO16582593
(I Can't Get No) Satisfaction - Mono Version,The Rolling Stones,Out Of Our Heads,hits,Playlist track,USA176510160
Downtown,Petula Clark,The Ultimate Petula Clark,hits,Playlist track,FRZ196400510
Help! - Remastered 2009,The Beatles,Help! (Remastered),hits,Playlist track,GBAYE0601465
Can't You Hear My Heartbeat,Herman's Hermits,"A's, B's & EP's",hits,Playlist track,GBAYE6500708
Crying In the Chapel,Elvis Presley,Elvis 30 #1 Hits,hits,Playlist track,USRC10200346
My Girl,The Temptations,The Temptations Sing Smokey,hits,Playlist track,USMO16490001
"Help Me, Rhonda - Single Version/Remastered 2001",The Beach Boys,Summer Days (And Summer Nights) [Remastered],hits,Playlist track,USCA20001685
King Of The Road,Roger Miller,Golden Hits,hits,Playlist track,USPR36407083
Shotgun,Jr. Walker & The All Stars,Hitsville USA - The Motown Singles Collection 1959-1971,hits,Playlist track,USMO16500007
I Got You Babe,Sonny & Cher,Look At Us,hits,Playlist track,USAT27500019
This Diamond Ring,Gary Lewis & The Playboys,The Best Of Gary Lewis And The Playboys,hits,Playlist track,USEM39200164
Mrs Brown You've Got a Lovely Daughter - 1997 Remaster,Herman's Hermits,Herman's Hermits,hits,Playlist track,GBAYE9701777
Stop! In The Name Of Love - Single Version,The Supremes,More Hits By The Supremes,hits,Playlist track,USMO16500288
Joy To The World,Three Dog Night,Naturally,hits,Playlist track,USMC17047804
One Bad Apple,The Osmonds,Osmonds,hits,Playlist track,USPR37107313
How Can You Mend A Broken Heart,Bee Gees,Trafalgar,hits,Playlist track,GBAKW7101044
Go Away Little Girl,Donny Osmond,Dreamy Classic R&B For Kids,hits,Playlist track,USUMG9900722
"Take Me Home, Country Roads",John Denver,"The John Denver Collection, Vol 1: Take Me Home Country Roads",hits,Playlist track,USA370529726
Just My Imagination (Running Away With Me),The Temptations,Sky's The Limit,hits,Playlist track,USMO17100074
Knock Three Times,The Dawn,Knock Three Times,hits,Playlist track,GBQRF1001030
Me and Bobby McGee,Janis Joplin,Pearl (Legacy Edition),hits,Playlist track,USSM17000790
Tired of Being Alone,Al Green,Gets Next to You,hits,Playlist track,US2HK0914104
Smiling Faces Sometimes,The Undisputed Truth,The Undisputed Truth,hits,Playlist track,USMO17100506
Brown Sugar,The Rolling Stones,Hot Rocks (1964-1971),hits,Playlist track,USA177110010
You've got a Friend,James Taylor,Afterlife - The Complete Fantasy Playlist,hits,Playlist track,UKDNQ1534951
Mr. Big Stuff,Jean Knight,Mr. Big Stuff,hits,Playlist track,USFI87100077
Do You Know What I Mean,Lee Michaels,5th (Remastered),hits,Playlist track,USQE11510046
The Night They Drove Old Dixie Down,Joan Baez,Blessed Are...,hits,Playlist track,USVG20500225
Bridge Over Troubled Water,Simon & Garfunkel,Bridge Over Troubled Water,hits,Playlist track,USSM16900808
(They Long To Be) Close To You,Carpenters,Close To You,hits,Playlist track,USAM17000373
Raindrops Keep Fallin' On My Head - Rerecorded,B.J. Thomas,B.J. Thomas: All-Time Greatest Hits (Rerecorded Version),hits,Playlist track,USDEI7605117
War,Edwin Starr,The Motown Story,hits,Playlist track,USMO17000504
Ain't No Mountain High Enough,Diana Ross,Diamond Diana: The Legacy Collection,hits,Playlist track,USMO17000349
I'll Be There,The Jackson 5,Third Album,hits,Playlist track,USMO17082635
Get Ready,Rare Earth,Get Ready,hits,Playlist track,USMO17000286
Let It Be - Remastered 2009,The Beatles,Let It Be (Remastered),hits,Playlist track,GBAYE0601713
Band Of Gold (Single Mix),Freda Payne,Band Of Gold,hits,Playlist track,GBACC1815801
Mama Told Me (Not To Come) - Single Version,Three Dog Night,It Ain't Easy,hits,Playlist track,USMC17049752
Everything Is Beautiful - 1970 #1 Billboard chart hit,Ray Stevens,Everything Is Beautiful,hits,Playlist track,USZZM0710199
Make It with You,Bread,On the Waters,hits,Playlist track,USEE10180854
ABC,The Jackson 5,ABC,hits,Playlist track,USMO17082628
The Love You Save,The Jackson 5,ABC,hits,Playlist track,USMO17082629
Candida,The Dawn,Knock Three Times,hits,Playlist track,GBQRF1001029
Spill the Wine,Eric Burdon,Spill the Wine,hits,Playlist track,USRH12100592
I Want To Hold Your Hand - Remastered 2015,The Beatles,1 (Remastered),hits,Playlist track,GBUM71505904
She Loves You - Mono / Remastered,The Beatles,1 (Remastered),hits,Playlist track,GBUM71505910
"Hello, Dolly!",Louis Armstrong,"Hello, Dolly! (Remastered)",hits,Playlist track,USMC16356894
"Oh, Pretty Woman",Roy Orbison,"Oh, Pretty Woman",hits,Playlist track,USSM16401425
I Get Around (Mono),The Beach Boys,All Summer Long (Mono & Stereo),hits,Playlist track,USCA21202039
Everybody Loves Somebody,Dean Martin,Everybody Loves Somebody,hits,Playlist track,USQX91301936
My Guy,Mary Wells,Mary Wells Sings My Guy,hits,Playlist track,USMO16400486
Where Did Our Love Go,The Supremes,Where Did Our Love Go,hits,Playlist track,USMO19290049
People (with Stevie Wonder),Barbra Streisand,Partners (Deluxe),hits,Playlist track,USSM11404575
A Hard Day's Night - Remastered 2009,The Beatles,A Hard Day's Night (Remastered),hits,Playlist track,GBAYE0601438
Love Me Do - Remastered 2009,The Beatles,Please Please Me (Remastered),hits,Playlist track,GBAYE0601417
Do Wah Diddy Diddy - 2007 Remaster,Manfred Mann,Down the Road Apiece - the Recordings 1963-1966,hits,Playlist track,GBAYE0702164
Please Please Me - Remastered 2009,The Beatles,Please Please Me (Remastered),hits,Playlist track,GBAYE0601416
Dancing In The Street - Stereo,Martha Reeves & The Vandellas,Dance Party,hits,Playlist track,USMO16400446
Little Children,Billy J. Kramer & The Dakotas,At Abbey Road: 1963 - 1966,hits,Playlist track,GBACC1948709
Soul Man,Sam & Dave,Soul Men,hits,Playlist track,USAT20001065
He'll Have to Go,Jim Reeves,My Greatest Songs,hits,Playlist track,USRN19500172
Cathy's Clown - 2007 Remaster,The Everly Brothers,A Date with The Everly Brothers,hits,Playlist track,USWB10704348
I'm Sorry,Brenda Lee,Brenda Lee,hits,Playlist track,USMC16046423
It's Now or Never,Elvis Presley,Platinum - A Life In Music,hits,Playlist track,USRC16001349
Stuck on You,Elvis Presley,"Elvis' Golden Records, Vol. 3",hits,Playlist track,USRC19004482
The Twist,Chubby Checker,Best of Rock 'n' Roll Music: 100 Originals from the 50s & 60s,hits,Playlist track,DEAR41446791
Everybody's Somebody's Fool,Connie Francis,Gold,hits,Playlist track,USF096000360
Wild One,Bobby Rydell,The Essential Bobby Rydell,hits,Playlist track,GBLGL1290271
El Paso,Marty Robbins,Gunfighter Ballads And Trail Songs,hits,Playlist track,USSM15901202
My Heart Has A Mind Of Its Own,Connie Francis,The Collection,hits,Playlist track,USF096000370
Sweet Nothin's,Brenda Lee,Brenda Lee,hits,Playlist track,USMC15919970
Only the Lonely,Roy Orbison,The Very Best of Rock and Roll Party,hits,Playlist track,DEAR41442761
The Way We Were,Barbra Streisand,Memories,hits,Playlist track,USSM10027830
Seasons in the Sun,Terry Jacks,Radio Hits Of the '70s,hits,Playlist track,USAR17400171
Come and Get Your Love - Single Version,Redbone,Come and Get Your Love,hits,Playlist track,USSM17300653
Dancing Machine,The Jackson 5,Dancing Machine,hits,Playlist track,USMO17300477
The Loco-Motion - Remastered 2002,Grand Funk Railroad,Shinin' On (Expanded Edition),hits,Playlist track,USCA20200346
The Streak,Ray Stevens,Greatest Hits - Original Recordings,hits,Playlist track,USZZM0710253
Bennie & The Jets - Live,Elton John,One Night Only,hits,Playlist track,GBF080000399
One Hell Of A Woman,Mac Davis,Stop And Smell The Roses,hits,Playlist track,USSM19921472
Until You Come Back to Me (That's What I'm Gonna Do),Aretha Franklin,Let Me In Your Life,hits,Playlist track,USAT20801182
Jungle Boogie,Kool & The Gang,Wild And Peaceful,hits,Playlist track,USPR37308011
Midnight at the Oasis,Maria Muldaur,Maria Muldaur,hits,Playlist track,USRE10100264
Show and Tell,Al Wilson,Show and Tell: The Best of Al Wilson,hits,Playlist track,US2Y30611996
Rock On,David Essex,Reflections,hits,Playlist track,GB7QU1300075
Sunshine On My Shoulders,John Denver,"Poems, Prayers and Promises",hits,Playlist track,USRC11100483
Sideshow,Blue Magic,Soulful Spell - The Best Of Blue Magic,hits,Playlist track,USRH10550671
Hooked On A Feeling,Blue Swede,Hooked On A Feeling,hits,Playlist track,SEAMA7343050
Love Will Keep Us Together,Captain & Tennille,Love Will Keep Us Together,hits,Playlist track,USAM17500299
Rhinestone Cowboy - Remastered,Glen Campbell,The Legacy (1961-2017),hits,Playlist track,USCN10300137
Philadelphia Freedom,Elton John,Goodbye Yellow Brick Road (40th Anniversary Celebration / Super Deluxe),hits,Playlist track,GBUM71308253
My Eyes Adored You,Frankie Valli,Closeup,hits,Playlist track,USRH11000242
Shining Star,"Earth, Wind & Fire",That's The Way Of The World,hits,Playlist track,USSM17400660
Fame - 2016 Remaster,David Bowie,Young Americans (2016 Remaster),hits,Playlist track,USJT11600052
Laughter In The Rain,Neil Sedaka,The Definitive Collection,hits,Playlist track,USRZR0796810
Thank God I'm a Country Boy,John Denver,Back Home Again,hits,Playlist track,USRC17407659
"Jive Talkin' - From ""Saturday Night Fever"" Soundtrack",Bee Gees,Main Course,hits,Playlist track,GBAKW7501053
Lovin' You - Alternate Band Version,Minnie Riperton,Perfect Angel (Deluxe Edition),hits,Playlist track,USUM71710853
Kung Fu Fighting,Carl Douglas,The Soul of the Kung Fu Fighter,hits,Playlist track,GBAJE7400014
Black Water,The Doobie Brothers,What Were Once Vices Are Now Habits,hits,Playlist track,USWB19900754
At Seventeen,Janis Ian,Between the Lines,hits,Playlist track,USRG40340110
Pick up the Pieces,Average White Band,Average White Band,hits,Playlist track,GBBLG7400071
I Fall To Pieces - Single Version,Patsy Cline,Showcase,hits,Playlist track,USMC16048707
Runaway,Del Shannon,Runaway with Del Shannon,hits,Playlist track,USPBR0502234
Pony Time,Chubby Checker,Chubby Checker Classics,hits,Playlist track,USI4R0502241
Running Scared,Roy Orbison,Crying,hits,Playlist track,USSM16101222
Dedicated To The One I Love,The Shirelles,Will You Still Love Me Tomorrow,hits,Playlist track,USACU0500001
Where The Boys Are,Connie Francis,The Collection,hits,Playlist track,USF096100260
Hit The Road Jack (1960 Recording Remastered),Ray Charles,Six Of The Best - Soul,hits,Playlist track,GBSMU9516570
Tonight's the Night (Gonna Be Alright) - 2009 Remaster,Rod Stewart,A Night on the Town (Deluxe Edition),hits,Playlist track,USWB10900470
I Just Want To Be Your Everything,Andy Gibb,Flowing Rivers,hits,Playlist track,NLF057790036
Don't Leave Me This Way,Thelma Houston,The Best Of,hits,Playlist track,USMO17600547
(Your Love Has Lifted Me) Higher And Higher,Rita Coolidge,Anytime... Anywhere,hits,Playlist track,USAM17700388
I'm Your Boogie Man,KC & The Sunshine Band,Part 3,hits,Playlist track,GBAYE7700206
Dancing Queen,ABBA,Arrival,hits,Playlist track,SEAYD7601020
You Make Me Feel Like Dancing,Leo Sayer,Endless Flight,hits,Playlist track,GBBLG7600256
Margaritaville,Jimmy Buffett,"Changes In Latitudes, Changes In Attitudes",hits,Playlist track,USMC17601193
Telephone Line,Electric Light Orchestra,A New World Record,hits,Playlist track,USSM18600411
Sir Duke,Stevie Wonder,Songs In The Key Of Life,hits,Playlist track,USMO17600526
I'll Take You There,The Staple Singers,The Very Best Of The Staple Singers,hits,Playlist track,USFI80700331
Surfin' U.S.A. - Remastered 2001,The Beach Boys,Surfin' USA (Remastered),hits,Playlist track,USCA20001654
The End of the World,Skeeter Davis,The Essential Skeeter Davis,hits,Playlist track,USRC19901069
Blue Velvet,Bobby Vinton,The Best Of Bobby Vinton,hits,Playlist track,USSM16301113
Can't Get Used to Losing You - Single Version,Andy Williams,Andy Williams' Greatest Hits,hits,Playlist track,USSM19912743
She's A Fool - Rerecorded,Lesley Gore,Her Very Best (Rerecorded Version),hits,Playlist track,USDEI8303479
"Puff, the Magic Dragon","Peter, Paul and Mary",Moving,hits,Playlist track,USWB19901501
Blowin' in the Wind,"Peter, Paul and Mary",Hush-A-Bye Early Tunes (HD Remastered),hits,Playlist track,AUXN22128476
Faith - Remastered,George Michael,Faith,hits,Playlist track,GBARL1000855
Need You Tonight,INXS,Kick (Remastered 2011),hits,Playlist track,GBAMX8700008
Got My Mind Set On You - Remastered 2004,George Harrison,Cloud Nine,hits,Playlist track,GBEXP0300054
Never Gonna Give You Up,Rick Astley,Whenever You Need Somebody,hits,Playlist track,GBARL9300135
Sweet Child O' Mine,Guns N' Roses,Appetite For Destruction,hits,Playlist track,USGF18714809
So Emotional,Whitney Houston,Whitney,hits,Playlist track,USAR18700122
Heaven Is a Place On Earth,Belinda Carlisle,Greatest Vol.1 - Belinda Carlisle,hits,Playlist track,GBAAA8700010
Hands To Heaven,Breathe,All That Jazz,hits,Playlist track,GBAAA8800267
Roll With It - 2010 Remaster,Steve Winwood,Revolutions: The Very Best Of Steve Winwood (UK/ROW Version),hits,Playlist track,GBAAA1000082
One More Try,George Michael,Ladies And Gentlemen... The Best Of George Michael,hits,Playlist track,GBBBM8702013
Wishing Well,Sananda Maitreya,Introducing The Hardline According To Terence Trent D'Arby,hits,Playlist track,GBBBN8702033
Anything For You,Gloria Estefan,Essential Love Ballads,hits,Playlist track,USSM18800443
The Flame,Cheap Trick,Hits Der 80er,hits,Playlist track,USSM10025594
"Get Outta My Dreams, Get Into My Car",Billy Ocean,The Very Best of Billy Ocean,hits,Playlist track,GBAHK9700111
Is This Love - 2018 Remaster,Whitesnake,Whitesnake (2018 Remaster),hits,Playlist track,GB01A1800009
Pour Some Sugar On Me - Remastered 2017,Def Leppard,Hysteria (Super Deluxe),hits,Playlist track,GBUM71701307
I'll Always Love You,Taylor Dayne,Timeless Pop: Taylor Dayne,hits,Playlist track,AUDD31101576
Look Away,Chicago,Love Songs,hits,Playlist track,USRE10300649
My Prerogative,Bobby Brown,The Definitive Collection,hits,Playlist track,USMC10000469
Every Rose Has It's Thorn - Remastered 1996,Poison,Poison's Greatest Hits 1986-1996,hits,Playlist track,USCA29601150
Straight Up,Paula Abdul,Forever Your Girl,hits,Playlist track,USVI28800001
Miss You Much,Janet Jackson,Rhythm Nation 1814,hits,Playlist track,USAM10110363
Cold Hearted,Paula Abdul,Forever Your Girl,hits,Playlist track,USVI28800017
Girl You Know It's True,Milli Vanilli,Girl You Know It's True - The Best Of Milli Vanilli,hits,Playlist track,DEC738800004
Giving You the Best That I Got - Single Version,Anita Baker,The Best of Anita Baker,hits,Playlist track,USAT20200800
Right Here Waiting,Richard Marx,Repeat Offender,hits,Playlist track,USEM38900208
Don't Wanna Lose You,Gloria Estefan,Cuts Both Ways,hits,Playlist track,USSM18900355
Girl I'm Gonna Miss You,Milli Vanilli,The Best Year Of My Life: 1989,hits,Playlist track,DED169400021
The Look,Roxette,Look Sharp! (Extended Version),hits,Playlist track,SEAME8878010
She Drives Me Crazy,Fine Young Cannibals,The Raw & The Cooked,hits,Playlist track,USRH10901907
On Our Own - With Rap,Bobby Brown,The Definitive Collection,hits,Playlist track,USMC10000471
Two Hearts,Phil Collins,Love Songs (A Compilation Old and New),hits,Playlist track,USWI19600240
I Can't Stop Loving You,Ray Charles,"Modern Sounds in Country and Western Music, Vols 1 & 2",hits,Playlist track,USC4R0919286
Roses are Red (My Love),Bobby Vinton,Collections,hits,Playlist track,USSM19912541
The Twist,Chubby Checker,Best of Rock 'n' Roll Music: 100 Originals from the 50s & 60s,hits,Playlist track,DEAR41446791
Soldier Boy,The Shirelles,Will You Still Love Me Tomorrow,hits,Playlist track,USACU0500013
Duke of Earl,Gene Chandler,Classic and Collectable: Gene Chandler - Duke of Earl,hits,Playlist track,QM4TX1564958
Breaking Up Is Hard to Do,Neil Sedaka,Circulate (Expanded Edition),hits,Playlist track,USRC19901068
Slow Twistin',Chubby Checker,Cameo Parkway 1957-1967,hits,Playlist track,USA176240140
It Keeps Right on a Hurtin' - Remastered,Johnny Tillotson,Dreamy Eyes (Remastered),hits,Playlist track,ES58A2002210
The One Who Really Loves You - Single Version,Mary Wells,The One Who Really Loves You,hits,Playlist track,USMO16200261
Good Luck Charm,Elvis Presley,"Elvis' Golden Records, Vol. 3",hits,Playlist track,USRC10200343
Silly Love Songs - 2014 Remaster,Wings,Wings At The Speed Of Sound (Archive Collection),hits,Playlist track,GBCCS1400019
Don't Go Breaking My Heart,Elton John,Rock Of The Westies,hits,Playlist track,GBALX7600007
Disco Lady,Johnnie Taylor,Eargasm,hits,Playlist track,USSM17500504
Play That Funky Music,Wild Cherry,Wild Cherry,hits,Playlist track,USSM19912699
Kiss and Say Goodbye,The Manhattans,The Manhattans (Expanded Version),hits,Playlist track,USSM17500583
50 Ways to Leave Your Lover,Paul Simon,Still Crazy After All These Years,hits,Playlist track,USSM11002304
Sara Smile,Daryl Hall & John Oates,Daryl Hall & John Oates (The Silver Album),hits,Playlist track,USRC17500581
I Write the Songs,Barry Manilow,Tryin' To Get The Feeling,hits,Playlist track,USAR17500139
Love Hangover,Diana Ross,Motown: ILYSM,hits,Playlist track,USMO17600377
Get Closer,Seals and Crofts,Get Closer,hits,Playlist track,USWB10100560
"More, More, More",Andrea True Connection,"More, More, More",hits,Playlist track,USA560619706
