,title,artist
0,Let's Groove,"Earth, Wind and Fire"
1,Price Of Love,Bad English
2,Let's Ride,Montell Jordan
3,Let's Wait Awhile,Janet Jackson
4,Little Sister,Elvis Presley
5,Ramblin' Rose,Nat King Cole
6,Penny Lane,Beatles
7,Pride And Joy,Marvin Gaye
8,Pony,Ginuwine
9,Pretty Girl Rock,Keri Hilson
10,Let's Go,Calvin Harris
11,Let The Music Play,Shannon
12,Let Your Love Flow,Bellamy Brothers
13,Listen To Your Heart,D.H.T.
14,Look Into My Eyes,Bone Thugs-N-Harmony
15,Pour It Up,Rihanna
16,Let's Do It Again,Staple Singers
17,Post To Be,Omarion
18,Listen To What The Man Said,Wings
19,Power Trip,J. Cole
20,Let's Get Married,Jagged Edge
21,Passion,Rod Stewart
22,Patience,Guns N' Roses
23,Lips of an Angel,Hinder
24,Praying For Time,George Michael
25,Longer,Dan Fogelberg
26,Pretty Blue Eyes,Steve Lawrence
27,Little Red Rooster,Sam Cooke
28,Lips Of An Angel,Hinder
29,Long Cool Woman,Hollies
30,Read your Mind,Avant
31,Peg,Steely Dan
32,Linger,Cranberries
33,Let's Get Serious,Jermaine Jackson
34,Reach Out Of The Darkness,Friend and Lover
35,Like You'll Never See Me Again,Alicia Keys
36,Rather Be,Clean Bandit
37,Liar,Three Dog Night
38,Rainy Days And Mondays,Carpenters
39,Lido Shuffle,Boz Scaggs
40,Lighters,Bad Meets Evil
41,Pimpin' All Over the World,Ludacris
42,Quarter To Three,"Gary ""U.S."" Bonds"
43,Proud Mary,Ike and Tina Turner
44,Like A Prayer,Madonna
45,Living Inside Myself,Gino Vannelli
46,Please Forgive Me,Bryan Adams
47,Like A G6,Far East Movement
48,Living In America,James Brown
49,Living For The City,Stevie Wonder
50,Live To Tell,Madonna
51,Like A Boy,Ciara
52,Pieces of Me,Ashlee Simpson
53,Little Lies,Fleetwood Mac
54,Lightnin' Strikes,Lou Christie
55,Play,David Banner
56,Pullin' Me Back,Chingy
57,Put On,Young Jeezy
58,Put It On Me,Ja Rule
59,Put A Little Love In Your Heart,Jackie DeShannon
60,Play It Again,Luke Bryan
61,Pleasant Valley Sunday,Monkees
62,Puppy Love,Donny Osmond
63,Player's Anthem,Junior M.A.F.I.A.
64,Play That Funky Music,Vanilla Ice
65,Puppy Love,Paul Anka
66,Play,Jennifer Lopez
67,Locked Up,Akon
68,Rack City,Tyga
69,Radar Love,Golden Earring
70,Like You,Bow Wow
71,Pontoon,Little Big Town
72,Little Talks,Of Monsters And Men
73,Poetry Man,Phoebe Snow
74,Like Glue,Sean Paul
75,People Everyday,Arrested Development
76,Rainy Night In Georgia,Brook Benton
77,Rainy Dayz,Mary J. Blige
78,Perfect Way,Scritti Politti
79,Lonely Boy,Andrew Gold
80,Perfect World,Huey Lewis and The News
81,Live And Let Die,Wings
82,Lonely,Akon
83,Personally,Karla Bonoff
84,Lola,Kinks
85,Private Eyes,Daryl Hall and John Oates
86,Please Remember Me,Tim McGraw
87,Light My Fire,Jose Feliciano
88,Please Mr. Postman,Carpenters
89,Promise,Jagged Edge
90,Like A Rolling Stone,Bob Dylan
91,Promise,Ciara
92,Live Like We're Dying,Kris Allen
93,Rain,Madonna
94,Please Mr Please,Olivia Newton-John
95,Photograph,Ed Sheeran
96,Pictures Of Matchstick Men,Status Quo
97,Lonesome Loser,Little River Band
98,Put Your Hands Together,O'Jays
99,Mmm Mmm Mmm Mmm,Crash Test Dummies
100,Party Up,DMX
101,Making Love,Roberta Flack
102,Never Had A Dream Come True,S Club 7
103,Making Love Out Of Nothing At All,Air Supply
104,Mama,Connie Francis
105,Mama Can't Buy You Love,Elton John
106,Never Ever,All Saints
107,Never Can Say Goodbye,Gloria Gaynor
108,Never Can Say Goodbye,Jackson 5
109,Never Been To Spain,Three Dog Night
110,Never Again,Kelly Clarkson
111,Neutron Dance,Pointer Sisters
112,Never Keeping Secrets,Babyface
113,Neither One Of Us,Gladys Knight
114,Nasty,Janet Jackson
115,Name,Goo Goo Dolls
116,Na Na,Trey Songz
117,Mysterious Ways,U2
118,My Way,Fetty Wap
119,My Love Is Your Love,Whitney Houston
120,My Love Is The Shhh!,Somethin' For The People
121,My Love,Lionel Richie
122,Mandolin Rain,Bruce Hornsby and The Range
123,Mandy,Barry Manilow
124,Manic Monday,Bangles
125,Mambo No. 5,Lou Bega
126,My Life Would Suck Without You,Kelly Clarkson
127,"Never Leave You - Uh Ooh, Uh Oooh!",Lumidee
128,Never Surrender,Corey Hart
129,Lucy In The Sky With Diamonds,Elton John
130,No More Lonely Nights,Paul McCartney
131,Luka,Suzanne Vega
132,Lullaby,Shawn Mullins
133,Luv U Better,LL Cool J
134,MacArthur Park,Richard Harris
135,No More,3LW
136,Mad,Ne-Yo
137,No Lie,2 Chainz
138,No Letting Go,Wayne Wonder
139,Mad About You,Belinda Carlisle
140,Never Let You Go,Third Eye Blind
141,No Hands,Waka Flocka Flame
142,Magic Carpet Ride,Steppenwolf
143,Nights In White Satin,Moody Blues
144,Night Moves,Bob Seger
145,Night,Jackie Wilson
146,Make It Happen,Mariah Carey
147,New Sensation,INXS
148,Make It Rain,Fat Joe
149,New Divide,Linkin Park
150,"Never, Never Gonna Give You Up",Barry White
151,Make Me Better,Fabolous
152,Make Me Smile,Chicago
153,Nightshift,Commodores
154,Maps,Maroon 5
155,My Life,Billy Joel
156,Master Blaster,Stevie Wonder
157,Motivation,Kelly Rowland
158,Midnight Train To Georgia,Gladys Knight and The Pips
159,Mother Popcorn,James Brown
160,Milkshake,Kelis
161,Mine,Taylor Swift
162,Mother And Child Reunion,Paul Simon
163,More than a Woman,Aaliyah
164,More Than I Can Say,Leo Sayer
165,More Love,Kim Carnes
166,More,Usher
167,Moon River,Henry Mancini
168,Mickey,Toni Basil
169,Moody River,Pat Boone
170,Monkey,George Michael
171,Misled,Kool and The Gang
172,Miss Independent,Kelly Clarkson
173,Miss Independent,Ne-Yo
174,Money Maker,Ludacris
175,Miss Me Blind,Culture Club
176,Miss You Like Crazy,Natalie Cole
177,Missing You,Diana Ross
178,Moment 4 Life,Nicki Minaj
179,Mockingbird,Eminem
180,Mockingbird,Carly Simon
181,Misery,Maroon 5
182,Move Bitch,Ludacris
183,Move This,Technotronic
184,Mr. Bojangles,Nitty Gritty Dirt Band
185,Masterpiece,Atlantic Starr
186,Material Girl,Madonna
187,Me And My Broken Heart,Rixton
188,My Heart Can't Tell You No,Rod Stewart
189,Mean Woman Blues,Roy Orbison
190,My Heart Belongs To Me,Barbra Streisand
191,Meant to Live,Switchfoot
192,My Happy Ending,Avril Lavigne
193,Meet Me Halfway,Black Eyed Peas
194,My Chick Bad,Ludacris
195,My Cherie Amour,Stevie Wonder
196,Meet Virginia,Train
197,Memphis,Johnny Rivers
198,My Band,D12
199,My Baby Loves Lovin',White Plains
200,Mercedes Boy,Pebbles
201,Mercy Mercy Me,Marvin Gaye
202,Ms. New Booty,Bubba Sparxxx
203,Ms. Jackson,Outkast
204,"Mercy, Mercy, Mercy",Buckinghams
205,Mr. Wendal,Arrested Development
206,Mesmerize,Ja Rule
207,Mr. Tambourine Man,Byrds
208,Miami,Will Smith
209,Mr. Roboto,Styx
210,No More Tears,Barbra Streisand
211,Party in the U.S.A.,Miley Cyrus
212,Lucky Star,Madonna
213,No One Is To Blame,Howard Jones
214,Only Wanna Be With You,Hootie and The Blowfish
215,Love Bites,Def Leppard
216,Love Child,Diana Ross and The Supremes
217,Only Time,Enya
218,Love Don't Cost A Thing,Jennifer Lopez
219,Only The Lonely,Motels
220,Love Drunk,Boys Like Girls
221,Only Sixteen,Dr. Hook
222,Love Grows,Edison Lighthouse
223,Only God Knows Why,Kid Rock
224,Only,Nicki Minaj
225,Love,Musiq Soulchild
226,One Wish,Ray J
227,Love Hurts,Nazareth
228,Love In The First Degree,Alabama
229,Love Is A Battlefield,Pat Benatar
230,One Thing,Finger Eleven
231,One Step at A Time,Jordin Sparks
232,One On One,Daryl Hall and John Oates
233,One Of Us,Joan Osborne
234,Love Is A Wonderful Thing,Michael Bolton
235,One Night In Bangkok,Murray Head
236,Love Is All Around,Troggs
237,Love Is Here And Now You're Gone,Supremes
238,One Week,Barenaked Ladies
239,One More Night,Phil Collins
240,Only Women Bleed,Alice Cooper
241,Lost Without U,Robin Thicke
242,Party In The U.S.A.,Miley Cyrus
243,Look What You Done For Me,Al Green
244,Lookin' For A Love,Bobby Womack
245,Looking Through Patient Eyes,P.M. Dawn
246,Part Of Me,Katy Perry
247,Paradise,Coldplay
248,Paperback Writer,Beatles
249,Paparazzi,Lady Gaga
250,Looking Through Your Eyes,LeAnn Rimes
251,Looks Like We Made It,Barry Manilow
252,Papa's Got A Brand New Bag,James Brown
253,Lost Without Your Love,Bread
254,Papa Don't Preach,Madonna
255,Overkill,Men At Work
256,Our Song,Taylor Swift
257,Our Love,Natalie Cole
258,Our Lips Are Sealed,Go-Go's
259,Otherside,Red Hot Chili Peppers
260,Losing You,Brenda Lee
261,Open Your Heart,Madonna
262,Open Arms,Journey
263,Oops!... I Did It Again,Britney Spears
264,Ooh Aah... Just A Little Bit,Gina G
265,Only You,112
266,Lose My Breath,Destiny's Child
267,Love Is The Answer,England Dan and John Ford Coley
268,Love Like This,Faith Evans
269,One Mint Julep,Ray Charles
270,Love Story,Andy Williams
271,Love Takes Time,Mariah Carey
272,Numb,Linkin Park
273,Nowhere To Run,Martha and The Vandellas
274,Now And Forever,Richard Marx
275,Nothing From Nothing,Billy Preston
276,Love Train,O'Jays
277,Not Tonight,Lil' Kim
278,Not Over You,Gavin DeGraw
279,Love Will Lead You Back,Taylor Dayne
280,Not Gon' Cry,Mary J. Blige
281,Love Song,Tesla
282,Not Afraid,Eminem
283,Love Will Turn You Around,Kenny Rogers
284,Nobody Wants To Be Lonely,Ricky Martin
285,Love You Inside Out,Bee Gees
286,Lovegame,Lady Gaga
287,Lover Girl,Teena Marie
288,Loverboy,Billy Ocean
289,No Type,Rae Sremmurd
290,Lovers And Friends,Lil Jon
291,Loves Me Like A Rock,Paul Simon
292,No Surprise,Daughtry
293,Lowdown,Boz Scaggs
294,Not A Bad Thing,Justin Timberlake
295,Love Somebody,Maroon 5
296,Love Somebody,Rick Springfield
297,Obsessed,Mariah Carey
298,Love Like This,Natasha Bedingfield
299,Love Lockdown,Kanye West
300,Love Me,Lil Wayne
301,One Last Time,Ariana Grande
302,One Last Cry,Brian McKnight
303,One Good Woman,Peter Cetera
304,Love Me Harder,Ariana Grande
305,One Fine Day,Carole King
306,One Call Away,Chingy
307,One,U2
308,Love Of A Lifetime,Firehouse
309,"Once Bitten, Twice Shy",Great White
310,Love On The Rocks,Neil Diamond
311,Love Potion Number Nine,Searchers
312,On Broadway,George Benson
313,On And On,Gladys Knight and The Pips
314,Love Rollercoaster,Ohio Players
315,On A Carousel,Hollies
316,Love Runs Out,OneRepublic
317,Oh Sheila,Ready For The World
318,Oh No,Commodores
319,Oh My My,Ringo Starr
320,Oh Boy,Cam'ron
321,Obsession,Frankie J
322,Obsession,Animotion
323,Lucille,Kenny Rogers
324,Real Love,Jody Watley
325,(Can't Live Without Your) Love And Affection,Nelson
326,Realize,Colbie Caillat
327,Truly,Lionel Richie
328,Trumpets,Jason Derulo
329,Tubthumping,Chumbawamba
330,"Turn Around, Look At Me",Vogues
331,Turn Me On,Kevin Lyttle
332,Turn Me On,David Guetta
333,Turn Off The Light,Nelly Furtado
334,Turn The Beat Around,Vicki Sue Robinson
335,Turn Your Love Around,George Benson
336,Twenty-five Miles,Edwin Starr
337,Twist And Shout,Isley Brothers
338,Twist And Shout,Beatles
339,Twist Of Fate,Olivia Newton-John
340,Twistin' The Night Away,Sam Cooke
341,Two Faces Have I,Lou Christie
342,Truffle Butter,Nicki Minaj
343,Two Is Better Than One,Boys Like Girls
344,True Colors,Cyndi Lauper
345,Trippin',Total
346,Tonite's Tha Night,Kris Kross
347,Too Close,Alex Clare
348,Too Funky,George Michael
349,Too Hot,Kool and The Gang
350,Too Much,Spice Girls
351,Too Much Time On My Hands,Styx
352,"Too Much, Too Little, Too Late",Johnny Mathis
353,Too Shy,Kajagoogoo
354,Tootsee Roll,69 Boyz
355,Top Of The World,Carpenters
356,Touch It,Busta Rhymes
357,Touch Me,Doors
358,Toxic,Britney Spears
359,Travelin' Man,Ricky Nelson
360,Treasure,Bruno Mars
361,Trouble,Lindsey Buckingham
362,Together Forever,Rick Astley
363,Two Of Hearts,Stacey Q
364,Two Princes,Spin Doctors
365,Victory,Puff Daddy
366,Viva la Vida,Coldplay
367,Volare,Bobby Rydell
368,Wagon Wheel,Darius Rucker
369,Wait,Ying Yang Twins
370,Wait For You,Elliott Yamin
371,Wake Me Up When September Ends,Green Day
372,Waking Up In Vegas,Katy Perry
373,Walk Away,Kelly Clarkson
374,Walk Away Renee,Left Banke
375,Walk Of Life,Dire Straits
376,Walk On By,Dionne Warwick
377,Walk On Water,Eddie Money
378,Walk Right Back,Everly Brothers
379,Walking The Dog,Rufus Thomas
380,Venus,Bananarama
381,Two Out Of Three Ain't Bad,Meat Loaf
382,Venus,Shocking Blue
383,Urgent,Foreigner
384,Typical Male,Tina Turner
385,U Can't Touch This,M.C. Hammer
386,U Know What's Up,Donell Jones
387,U and Dat,E-40
388,Uma Thurman,Fall Out Boy
389,Underneath It All,No Doubt
390,Underneath it All,No Doubt
391,Understanding,Xscape
392,Unfaithful,Rihanna
393,United We Stand,Brotherhood Of Man
394,Unpredictable,Jamie Foxx
395,Unskinny Bop,Poison
396,Up Where We Belong,Joe Cocker and Jennifer Warnes
397,Uptight,Stevie Wonder
398,Uptown Girl,Billy Joel
399,Use Ta Be My Girl,O'Jays
400,Today,New Christy Minstrels
401,To Be A Lover,Billy Idol
402,To All The Girls I've Loved Before,Julio Iglesias
403,The Things We Do For Love,10cc
404,The Time Of My Life,David Cook
405,The Village Of St. Bernadette,Andy Williams
406,The Way,Ariana Grande
407,The Way Of Love,Cher
408,The Way You Do The Things You Do,Temptations
409,The Way You Do The Things You Do,UB40
410,The Way You Make Me Feel,Michael Jackson
411,The Whole World,OutKast
412,The Winner Takes It All,ABBA
413,The World I Know,Collective Soul
414,Then Came You,Dionne Warwick
415,Then The Morning Comes,Smash Mouth
416,There You'll Be,Faith Hill
417,There's A Kind Of Hush,Herman's Hermits
418,The Sweetest Taboo,Sade
419,There's A Moon Out Tonight,Capris
420,The Space Between,Dave Matthews Band
421,The Show Goes On,Lupe Fiasco
422,The One I Gave My Heart To,Aaliyah
423,The One That Got Away,Katy Perry
424,The One That You Love,Air Supply
425,The Other Guy,Little River Band
426,The Other Side,Jason Derulo
427,The Other Woman,Ray Parker Jr.
428,The Promise Of A New Day,Paula Abdul
429,"The Rain, The Park And Other Things",Cowsills
430,The Real Slim Shady,Eminem
431,The Remedy,Jason Mraz
432,The River Of Dreams,Billy Joel
433,The Safety Dance,Men Without Hats
434,The Search Is Over,Survivor
435,The Second Time Around,Shalamar
436,The Shoop Shoop Song,Betty Everett
437,The Show Must Go On,Three Dog Night
438,These Dreams,Heart
439,They Don't Know,Jon B.
440,Things,Bobby Darin
441,Through the Wire,Kanye West
442,Throw It In The Bag,Fabolous
443,Thunder Island,Jay Ferguson
444,Ticket To Ride,Beatles
445,Tie Me Down,New Boyz
446,Till The World Ends,Britney Spears
447,Time,Alan Parsons Project
448,Time,Culture Club
449,Time,Hootie and The Blowfish
450,Time In A Bottle,Jim Croce
451,Time Of Our Lives,Pitbull
452,"Time, Love And Tenderness",Michael Bolton
453,Times Of Your Life,Paul Anka
454,Tired Of Waiting For You,Kinks
455,Titanium,David Guetta
456,Thought I'd Died And Gone To Heaven,Bryan Adams
457,Those Were The Days,Mary Hopkin
458,Those Lazy Hazy Crazy Days Of Summer,Nat King Cole
459,Thoia Thoing,R. Kelly
460,Things Can Only Get Better,Howard Jones
461,Think I'm In Love,Eddie Money
462,This Ain't A Love Song,Bon Jovi
463,"This Ain't A Scene, It's An Arms Race",Fall Out Boy
464,This D.J.,Warren G
465,This Girl's In Love With You,Dionne Warwick
466,This Is How We Roll,Florida Georgia Line
467,Walking To New Orleans,Fats Domino
468,This Is It,Kenny Loggins
469,This Is The Night,Clay Aiken
470,This Kiss,Faith Hill
471,This Little Girl,Gary U.S. Bonds
472,This Magic Moment,Jay and The Americans
473,This Masquerade,George Benson
474,This Time I'm In It For Love,Player
475,Thnks Fr Th Mmrs,Fall Out Boy
476,This Is My Song,Petula Clark
477,Wanksta,50 Cent
478,Wanna Be Startin' Somethin',Michael Jackson
479,Wanted Dead Or Alive,Bon Jovi
480,Would I Lie To You?,Eurythmics
481,Written In The Stars,Tinie Tempah
482,Ya Ya,Lee Dorsey
483,Yesterday Once More,Carpenters
484,Yo-yo,Osmonds
485,You And I,Lady Gaga
486,You And Me,Alice Cooper
487,You And Me Against The World,Helen Reddy
488,You Are,Lionel Richie
489,You Beat Me To The Punch,Mary Wells
490,You Belong To Me,Carly Simon
491,You Belong To The City,Glenn Frey
492,You Can Do Magic,America
493,You Can't Change That,Raydio
494,You Can't Hurry Love,Phil Collins
495,Worth It,Fifth Harmony
496,You Don't Have To Say You Love Me,Dusty Springfield
497,Work Out,J. Cole
498,Words Get In The Way,Miami Sound Machine
499,Will You Be There,Michael Jackson
500,Will You Still Love Me?,Chicago
501,Wings Of A Dove,Ferlin Husky
502,Wishin' And Hopin',Dusty Springfield
503,With Every Beat Of My Heart,Taylor Dayne
504,With You,Jessica Simpson
505,Without You,Johnny Tillotson
506,Without You,David Guetta
507,Woman In Love,Barbra Streisand
508,Womanizer,Britney Spears
509,Wonder,Natalie Merchant
510,Wonderful,Everclear
511,Wonderful World,Herman's Hermits
512,Wonderland By Night,Bert Kaempfert
513,Word Up,Cameo
514,"Work Hard, Play Hard",Wiz Khalifa
515,You Don't Know How It Feels,Tom Petty
516,You Don't Know Me,Ray Charles
517,You Don't Know My Name,Alicia Keys
518,You're No Good,Linda Ronstadt
519,You're Sixteen,Ringo Starr
520,"You're The First, The Last, My Everything",Barry White
521,You're The Inspiration,Chicago
522,You're The One,SWV
523,You're The Reason I'm Living,Bobby Darin
524,You've Made Me So Very Happy,"Blood, Sweat and Tears"
525,Young Forever,Jay-Z
526,Young Turks,Rod Stewart
527,Your Body,Pretty Ricky
528,Your Body's Callin',R. Kelly
529,Your Love,Nicki Minaj
530,Your Love Is My Drug,Ke$ha
531,Your Mama Don't Dance,Loggins and Messina
532,Your Precious Love,Marvin Gaye and Tammi Terrell
533,You're My World,Helen Reddy
534,You're My Everything,Temptations
535,You're In My Heart,Rod Stewart
536,You're In Love,Wilson Phillips
537,You Don't Mess Around With Jim,Jim Croce
538,You Don't Own Me,Lesley Gore
539,You Give Good Love,Whitney Houston
540,You Give Love A Bad Name,Bon Jovi
541,You Got It,New Kids On The Block
542,You Keep Me Hangin' On,Supremes
543,You Keep Me Hangin' On,Kim Wilde
544,Wildside,Marky Mark And The Funky Bunch
545,You Know You Like It,DJ Snake
546,You Make My Dreams,Daryl Hall and John Oates
547,You Might Think,Cars
548,You Needed Me,Anne Murray
549,You Should Be Dancing,Bee Gees
550,You Won't See Me,Anne Murray
551,You'll Never Find Another Love Like Mine,Lou Rawls
552,You'll See,Madonna
553,You Make Me Feel...,Cobra Starship
554,The One,Elton John
555,Wildest Dreams,Taylor Swift
556,Wild Thing,Tone Loc
557,Welcome To The Jungle,Guns N' Roses
558,What About Us,Total
559,What About Us?,Brandy
560,What Are We Doin' In Love,Dottie West
561,What Do You Mean?,Justin Bieber
562,What Have I Done To Deserve This?,Pet Shop Boys
563,What Have You Done For Me Lately,Janet Jackson
564,What Hurts the Most,Rascal Flatts
565,What I've Done,Linkin Park
566,What Is Love,Haddaway
567,What It's Like,Everlast
568,What Kind Of Man Would I Be?,Chicago
569,What The Hell,Avril Lavigne
570,What The World Needs Now Is Love,Jackie DeShannon
571,What You Need,INXS
572,Welcome To The Black Parade,My Chemical Romance
573,What You Won't Do For Love,Bobby Caldwell
574,Welcome Back,John Sebastian
575,We've Only Just Begun,Carpenters
576,Warm It Up,Kris Kross
577,Wasted On The Way,"Crosby, Stills and Nash"
578,Waterloo,ABBA
579,Way Down,Elvis Presley
580,We Are Family,Sister Sledge
581,We Are Never Ever Getting Back Together,Taylor Swift
582,We Belong,Pat Benatar
583,We Didn't Start The Fire,Billy Joel
584,We Don't Need Another Hero,Tina Turner
585,We Don't Talk Anymore,Cliff Richard
586,We Fly High,Jim Jones
587,We Got The Beat,Go-Go's
588,We R Who We R,Ke$Ha
589,We're An American Band,Grand Funk Railroad
590,We've Got Tonight,Kenny Rogers
591,Weekend In New England,Barry Manilow
592,What's It Gonna Be?!,Busta Rhymes
593,What's New Pussycat?,Tom Jones
594,What's On Your Mind,Information Society
595,Where Is The Love,Roberta Flack
596,Where Is The Love?,Black Eyed Peas
597,Where'd You Go,Fort Minor
598,While You See A Chance,Steve Winwood
599,White On White,Danny Williams
600,Who Can It Be Now?,Men At Work
601,Who Says you can't Go Home,Bon Jovi
602,Who's Crying Now,Journey
603,Who's Johnny,El Debarge
604,Who's That Girl,Madonna
605,Why Can't This Be Love,Van Halen
606,Why Do Fools Fall In Love?,Diana Ross
607,Why?,Jadakiss
608,Wiggle,Jason Derulo
609,Wild Thing,Troggs
610,Where Have All The Cowboys Gone?,Paula Cole
611,Where Does My Heart Beat Now,Celine Dion
612,Where Do Broken Hearts Go,Whitney Houston
613,When You Love A Woman,Journey
614,What's Up,4 Non Blondes
615,What's Your Name,Lynyrd Skynyrd
616,Whataya Want From Me,Adam Lambert
617,Whatcha Say,Jason DeRulo
618,Whatcha Say,Jason Derulo
619,Whatcha See Is Whatcha Get,Dramatics
620,When A Man Loves A Woman,Michael Bolton
621,Wild Wild West,Will Smith
622,When Can I See You,Babyface
623,When I Need You,Leo Sayer
624,When I See You Smile,Bad English
625,When I Think Of You,Janet Jackson
626,When It's Over,Sugar Ray
627,When The Going Gets Tough,Billy Ocean
628,When The Lights Go Out,Five
629,When Will I Be Loved,Linda Ronstadt
630,When I Grow Up,Pussycat Dolls
631,The Night Chicago Died,Paper Lace
632,The Next Time I Fall,Peter Cetera
633,The Name Game,Shirley Ellis
634,She Believes In Me,Kenny Rogers
635,She Blinded Me With Science,Thomas Dolby
636,She Bop,Cyndi Lauper
637,She Cried,Jay and The Americans
638,She Hates Me,Puddle Of Mudd
639,She Will Be Loved,Maroon 5
640,She Will be Loved,Maroon 5
641,She's A Beauty,Tubes
642,She's A Lady,Tom Jones
643,She's About A Mover,Sir Douglas Quintet
644,She's All I Ever Had,Ricky Martin
645,She's Out Of My Life,Michael Jackson
646,Shine,Collective Soul
647,Shine A Little Love,Electric Light Orchestra
648,Shoop,Salt-N-Pepa
649,Shawty,Plies
650,Shop Around,Captain and Tennille
651,Shattered Dreams,Johnny Hates Jazz
652,Shame,"Evelyn ""Champagne"" King"
653,Separated,Avant
654,Set Adrift On Memory Bliss,P.M. Dawn
655,Seventh Son,Johnny Rivers
656,Sex And Candy,Marcy Playground
657,Sexual Healing,Marvin Gaye
658,Sexy Chick,David Guetta
659,Sexy Eyes,Dr. Hook
660,Sexy Love,Ne-Yo
661,Shadow Of The Day,Linkin Park
662,Shake,Sam Cooke
663,Shake It,Metro Station
664,Shake It Up,Cars
665,Shake That,Eminem
666,Shake Ya Ass,Mystikal
667,Shambala,Three Dog Night
668,Sharing The Night Together,Dr. Hook
669,Short People,Randy Newman
670,Shortie Like Mine,Bow Wow
671,Should've Known Better,Richard Marx
672,Sloop John B,Beach Boys
673,Slow Motion,Trey Songz
674,Small Town,John Cougar Mellencamp
675,Smells Like Teen Spirit,Nirvana
676,Smoke On The Water,Deep Purple
677,Smooth Operator,Sade
678,Snap Yo Fingers,Lil Jon
679,Snap Your Fingers,Joe Henderson
680,Snowbird,Anne Murray
681,So Alive,Love and Rockets
682,So In To You,Atlanta Rhythm Section
683,So Sad,Everly Brothers
684,Soak up the Sun,Sheryl Crow
685,Soldier,Destiny's Child
686,Soldier Of Love,Donny Osmond
687,Slip Slidin' Away,Paul Simon
688,Sledgehammer,Peter Gabriel
689,Slam,Onyx
690,Sky Pilot,Eric Burdon
691,Show Me,Kid Ink
692,Show Me The Meaning Of Being Lonely,Backstreet Boys
693,Show Me The Way,Peter Frampton
694,Show Me The Way,Styx
695,Shower,Becky G
696,Shy Guy,Diana King
697,Sign Your Name,Terence Trent d'Arby
698,Separate Ways,Journey
699,Signs,Tesla
700,Simply Irresistible,Robert Palmer
701,Sing,Carpenters
702,Sing,Ed Sheeran
703,Sing A Song,"Earth, Wind and Fire"
704,Sink The Bismark,Johnny Horton
705,Sister Christian,Night Ranger
706,Sister Golden Hair,America
707,Silence Is Golden,Tremeloes
708,Solitaire,Laura Branigan
709,Separate Lives,Phil Collins
710,Send One Your Love,Stevie Wonder
711,"Right Place, Wrong Time",Dr. John
712,Right Time Of The Night,Jennifer Warnes
713,Rikki Don't Lose That Number,Steely Dan
714,Riptide,Vance Joy
715,Rock 'N' Roll Fantasy,Bad Company
716,Rock And Roll Dreams Come Through,Meat Loaf
717,Rock Me Gently,Andy Kim
718,Rock The Boat,Hues Corporation
719,Rock The Casbah,Clash
720,Rock Wit U,Ashanti
721,Rock Your Baby,George McCrae
722,Rock Your Body,Justin Timberlake
723,Rocket Man,Elton John
724,Rockin' Robin,Michael Jackson
725,Rockstar,Nickelback
726,Right Now,Akon
727,Rocky Mountain High,John Denver
728,Right Back Where We Started From,Maxine Nightingale
729,Rich Girl,Gwen Stefani
730,Red Red Wine,UB40
731,Reelin' In The Years,Steely Dan
732,Reflections,Diana Ross and The Supremes
733,Reflections Of My Life,Marmalade
734,Rehab,Amy Winehouse
735,Release Me,Engelbert Humperdinck
736,Reminiscing,Little River Band
737,Renegade,Styx
738,Renegades,X Ambassadors
739,Return To Innocence,Enigma
740,Rhythm Is Gonna Get You,Gloria Estefan and Miami Sound Machine
741,Rhythm Nation,Janet Jackson
742,Rhythm Of My Heart,Rod Stewart
743,Rhythm Of The Night,Debarge
744,Rich Girl,Daryl Hall and John Oates
745,Ridin' Solo,Jason Derulo
746,Roll To Me,Del Amitri
747,Roll Up,Wiz Khalifa
748,Romeo's Tune,Steve Forbert
749,Savin' Me,Nickelback
750,Saving All My Love For You,Whitney Houston
751,Saving Forever For You,Shanice
752,Say Aah,Trey Songz
753,Say You Love Me,Fleetwood Mac
754,Say You Will,Foreigner
755,Say You'll Be There,Spice Girls
756,Scar Tissue,Red Hot Chili Peppers
757,Scars,Papa Roach
758,School Is Out,"Gary ""U.S."" Bonds"
759,Scream,Usher
760,Second Chance,Shinedown
761,Secret,Madonna
762,Secret Agent Man,Johnny Rivers
763,See You Again,Miley Cyrus
764,Save Your Heart For Me,Gary Lewis and The Playboys
765,Saturday Night,Bay City Rollers
766,Satisfied,Richard Marx
767,Sara,Starship
768,Rompe,Daddy Yankee
769,Rose Garden,Lynn Anderson
770,Roses,OutKast
771,Rub You The Right Way,Johnny Gill
772,Ruby Tuesday,Rolling Stones
773,"Run Away Child, Running Wild",Temptations
774,Run To You,Bryan Adams
775,Sensual Seduction,Snoop Dogg
776,Runaway Love,Ludacris
777,Sad Songs,Elton John
778,Said I Loved You...But I Lied,Michael Bolton
779,Sail,AWOLNATION
780,Sailing,Christopher Cross
781,Salt Shaker,Ying Yang Twins
782,Same Love,Macklemore
783,San Francisco,Scott Mckenzie
784,Running With The Night,Lionel Richie
785,Real Love,Mary J. Blige
786,Some Kind Of Wonderful,Grand Funk
787,Somebody To Love,Jefferson Airplane
788,Take My Breath Away,Berlin
789,Take Time To Know Her,Percy Sledge
790,Take You There,Sean Kingston
791,Takin' Care Of Business,Bachman-Turner Overdrive
792,Talk To Me,Stevie Nicks
793,Talking Body,Tove Lo
794,Tarzan Boy,Baltimora
795,Tattoo,Jordin Sparks
796,Teardrops On My Guitar,Taylor Swift
797,Tell Her About It,Billy Joel
798,Tell It To My Heart,Taylor Dayne
799,Tennessee,Arrested Development
800,Thank God I Found You,Mariah Carey
801,That Don't Impress Me Much,Shania Twain
802,That Girl,Stevie Wonder
803,Take Me Home Tonight,Eddie Money
804,That's All You Gotta Do,Brenda Lee
805,Take Me Home,Cher
806,Take It Off,Ke$ha
807,Sweet Dreams,Air Supply
808,Sweet Dreams,Beyonce
809,Sweet Lady,Tyrese
810,Sweet Love,Commodores
811,Sweet Nothing,Calvin Harris
812,Sweet Pea,Tommy Roe
813,Sweetest Girl,Wyclef Jean
814,Swing My Way,K.P. and Envyi
815,Swingin' School,Bobby Rydell
816,Switch,Will Smith
817,Sylvia's Mother,Dr. Hook and The Medicine Show
818,Take A Chance On Me,ABBA
819,Take A Picture,Filter
820,Take It Away,Paul McCartney
821,Take It Easy On Me,Little River Band
822,Take It On The Run,REO Speedwagon
823,That's The Way,Jo Dee Messina
824,That's The Way I've Always Heard It Should Be,Carly Simon
825,That's The Way It Is,Celine Dion
826,The Happening,Supremes
827,The Hardest Thing,98 Degrees
828,The Heart Wants What It Wants,Selena Gomez
829,The Humpty Dance,Digital Underground
830,The Joker,Steve Miller Band
831,The Jump Off,Lil' Kim
832,The Lazy Song,Bruno Mars
833,The Loco-Motion,Kylie Minogue
834,The Logical Song,Supertramp
835,The Look Of Love,Sergio Mendes
836,The Lover In Me,Sheena Easton
837,The Main Event,Barbra Streisand
838,The Man,Aloe Blacc
839,The Man Who Shot Liberty Valance,Gene Pitney
840,The Morning After,Maureen McGovern
841,The Glamorous Life,Sheila E.
842,The Girl Is Mine,Michael Jackson
843,The Girl From Ipanema,Stan Getz
844,The Gambler,Kenny Rogers
845,That's The Way Love Is,Marvin Gaye
846,That's The Way Of The World,"Earth, Wind and Fire"
847,The Air That I Breathe,Hollies
848,The Arms Of The One Who Loves You,Xscape
849,The Ballad Of Bonnie And Clyde,Georgie Fame
850,The Best Of Times,Styx
851,The Best Things In Life Are Free,Luther Vandross
852,Sweet City Woman,Stampeders
853,The Boll Weevil Song,Brook Benton
854,The City Of New Orleans,Arlo Guthrie
855,The Closer I Get To You,Roberta Flack
856,The Devil Went Down To Georgia,Charlie Daniels Band
857,The Edge Of Glory,Lady Gaga
858,The First Cut Is The Deepest,Sheryl Crow
859,The Fly,Chubby Checker
860,The Fool On The Hill,Sergio Mendes
861,The Boys Of Summer,Don Henley
862,Somebody,Natalie La Rose
863,Sweet And Innocent,Donny Osmond
864,Sussudio,Phil Collins
865,Speedy Gonzales,Pat Boone
866,Spinning Wheel,"Blood, Sweat and Tears"
867,Splash Waterfalls,Ludacris
868,Springsteen,Eric Church
869,Stand Back,Stevie Nicks
870,Stand By Me,Ben E. King
871,Stand Tall,Burton Cummings
872,Stand Up,Ludacris
873,Stay,Shakespear's Sister
874,Steal Away,Robbie Dupree
875,Step By Step,New Kids On The Block
876,Step In The Name Of Love,R. Kelly
877,Stickwitu,Pussycat Dolls
878,Still,Commodores
879,Still The Same,Bob Seger
880,Speed Of Sound,Coldplay
881,Still Water,Four Tops
882,Spanish Harlem,Aretha Franklin
883,Sowing The Seeds Of Love,Tears For Fears
884,Somebody's Baby,Jackson Browne
885,Somebody's Watching Me,Rockwell
886,Someday,Sugar Ray
887,Someone To Love,Jon B.
888,Something About You,Level 42
889,Something Happened On The Way To Heaven,Phil Collins
890,Something To Talk About,Bonnie Raitt
891,Something's Burning,Kenny Rogers
892,Sometimes When We Touch,Dan Hill
893,Somewhere Out There,Linda Ronstadt
894,Song Sung Blue,Neil Diamond
895,Sorry,Buckcherry
896,Sorry 2004,Ruben Studdard
897,Soul Survivor,Young Jeezy
898,South Side,Moby
899,Spanish Harlem,Ben E. King
900,Stitches,Shawn Mendes
901,Stop And Stare,OneRepublic
902,Story Of My Life,One Direction
903,Summertime Blues,Blue Cheer
904,Summertime Sadness,Lana Del Rey
905,Sundown,Gordon Lightfoot
906,Sunglasses At Night,Corey Hart
907,Sunny,Bobby Hebb
908,Sunny Came Home,Shawn Colvin
909,Sunshine,Jonathan Edwards
910,Superfly,Curtis Mayfield
911,Superstar,Murray Head
912,Superstar,Carpenters
913,Superstar,Lupe Fiasco
914,Superstition,Stevie Wonder
915,Surfer Girl,Beach Boys
916,Surrender,Elvis Presley
917,Survivor,Destiny's Child
918,Summer Of '69,Bryan Adams
919,Summer Nights,John Travolta
920,Summer Love,Justin Timberlake
921,Summer,Calvin Harris
922,Straight From The Heart,Bryan Adams
923,Stray Cat Strut,Stray Cats
924,Streets Of Philadelphia,Bruce Springsteen
925,Stroke You Up,Changing Faces
926,Strong Enough,Sheryl Crow
927,Stronger,Kanye West
928,Strut,Sheena Easton
929,Swayin' To The Music,Johnny Rivers
930,Stuck In The Middle With You,Stealers Wheel
931,Stumblin' In,Suzi Quatro
932,Style,Taylor Swift
933,Suddenly,Billy Ocean
934,Suffocate,J. Holiday
935,Sugar,Flo Rida
936,"Sugar, We're Goin' Down",Fall Out Boy
937,Sultans Of Swing,Dire Straits
938,Stuck On You,Lionel Richie
939,Let My Love Open The Door,Pete Townshend
940,Let's Dance,Chris Montez
941,Let Me Hold You,Bow Wow
942,Don't Tell 'Em,Jeremih
943,Don't Tell Me,Madonna
944,Don't Wanna Try,Frankie J
945,Don't Worry,Marty Robbins
946,"Don't Worry, Be Happy",Bobby McFerrin
947,Don't You Care,Buckinghams
948,Don't You Want Me,Jody Watley
949,Don't You Worry Child,Swedish House Mafia
950,Doo Wop,Lauryn Hill
951,Down By The Lazy River,Osmonds
952,Down Low,R. Kelly
953,Downtown Train,Rod Stewart
954,Drag Me Down,One Direction
955,Dre Day,Dr. Dre
956,Dream Baby,Roy Orbison
957,Don't Stop Believin',Journey
958,Dream On,Aerosmith
959,Don't Stop,Fleetwood Mac
960,Don't Rush Me,Taylor Dayne
961,Domino,Jessie J
962,Don't,Ed Sheeran
963,Don't Be Cruel,Cheap Trick
964,Don't Break The Heart That Loves You,Connie Francis
965,Don't Do Me Like That,Tom Petty and The Heartbreakers
966,Don't Fall In Love With A Dreamer,Kenny Rogers
967,Don't Forget About Us,Mariah Carey
968,Don't It Make My Brown Eyes Blue,Crystal Gayle
969,Don't Let Go,Isaac Hayes
970,Don't Let It End,Styx
971,Don't Let The Sun Catch You Crying,Gerry and The Pacemakers
972,Don't Let The Sun Go Down On Me,George Michael
973,Don't Lose My Number,Phil Collins
974,Don't Mean Nothing,Richard Marx
975,Don't Mess With My Man,Nivea
976,Don't Stand So Close To Me,Police
977,Dreams,Fleetwood Mac
978,Drive,Cars
979,Drop It Like It's Hot,Snoop Dogg
980,Every Kinda People,Robert Palmer
981,Every Little Step,Bobby Brown
982,Every Little Thing I Do,Soul For Real
983,Every Time I Close My Eyes,Babyface
984,Every Woman In The World,Air Supply
985,Everybody,Tommy Roe
986,Everybody Loves Me But You,Brenda Lee
987,Everyday Is A Winding Road,Sheryl Crow
988,Everything,Jody Watley
989,Everything I Own,Bread
990,Everything Your Heart Desires,Daryl Hall and John Oates
991,Evil Woman,Electric Light Orchestra
992,Ex-Factor,Lauryn Hill
993,Excuse Me Miss,Jay-Z
994,Express Yourself,Madonna
995,Every Heartbeat,Amy Grant
996,Every Day Of The Week,Jade
997,Every 1's A Winner,Hot Chocolate
998,Even The Nights Are Better,Air Supply
999,Drop it Like it's Hot,Snoop Dogg
1000,Drunk In Love,Beyonce
1001,Drunk On You,Luke Bryan
1002,Dust In The Wind,Kansas
1003,Easy,Commodores
1004,Easy To Be Hard,Three Dog Night
1005,Eight Days A Week,Beatles
1006,Doin It,LL Cool J
1007,Elastic Heart,Sia
1008,Emotional Rescue,Rolling Stones
1009,Endless Love,Luther Vandross
1010,Endless Summer Nights,Richard Marx
1011,Enjoy The Silence,Depeche Mode
1012,Eres Tu,Mocedades
1013,Escape,Enrique Iglesias
1014,Eternal Flame,Bangles
1015,Elvira,Oak Ridge Boys
1016,Eye In The Sky,Alan Parsons Project
1017,Do it to It,Cherish
1018,Do You Remember,Jay Sean
1019,Daddy's Home,Jermaine Jackson
1020,Damn I Wish I Was Your Lover,Sophie B. Hawkins
1021,Damn!,YoungBloodZ
1022,Dance,Big Sean
1023,Dance Hall Days,Wang Chung
1024,Dance With Me,Orleans
1025,"Dance, Dance",Fall Out Boy
1026,Dancing On The Ceiling,Lionel Richie
1027,Danger,Mystikal
1028,Danger Zone,Kenny Loggins
1029,Dangerous,Roxette
1030,Dangerous,Kardinal Offishall
1031,Dani California,Red Hot Chili Peppers
1032,Daniel,Elton John
1033,Danny's Song,Anne Murray
1034,DJ Got Us Fallin' In Love,Usher
1035,Dark Lady,Cher
1036,Cut The Cake,Average White Band
1037,Cum On Feel The Noize,Quiet Riot
1038,Count On Me,Whitney Houston
1039,Cover Girl,New Kids On The Block
1040,Cover Me,Bruce Springsteen
1041,Coward Of The County,Kenny Rogers
1042,Crash My Party,Luke Bryan
1043,Crazy,Aerosmith
1044,Cruel Summer,Bananarama
1045,Cruel Summer,Ace Of Base
1046,Cry For Help,Rick Astley
1047,Cry For You,Jodeci
1048,Cry Me A River,Justin Timberlake
1049,Cryin',Aerosmith
1050,Crying,Don Mclean
1051,Crying In The Rain,Everly Brothers
1052,Crying Time,Ray Charles
1053,Cupid,112
1054,Day 'n' Nite,Kid Cudi
1055,Day Dreaming,Aretha Franklin
1056,Daydream,Lovin' Spoonful
1057,Die Young,Ke$ha
1058,Differences,Ginuwine
1059,Dip It Low,Christina Milian
1060,Dirt,Florida Georgia Line
1061,Dirt Road Anthem,Jason Aldean
1062,Dirty Diana,Michael Jackson
1063,Dirty Laundry,Don Henley
1064,Dirty Little Secret,All-American Rejects
1065,Dirty Water,Standells
1066,Disco Inferno,Trammps
1067,Do I Have To Say The Words?,Bryan Adams
1068,Do It Again,Steely Dan
1069,Do You Believe In Love,Huey Lewis and The News
1070,Do You Believe In Us,Jon Secada
1071,Do You Remember,Phil Collins
1072,Did You Ever Have To Make Up Your Mind?,Lovin' Spoonful
1073,Did It In A Minute,Daryl Hall and John Oates
1074,Diary,Alicia Keys
1075,Diane,Bachelors
1076,Daydream Believer,Anne Murray
1077,Daylight,Maroon 5
1078,Days Of Wine And Roses,Henry Mancini
1079,Dazz,Brick
1080,Dear Future Husband,Meghan Trainor
1081,Dear Lady Twist,Gary U.S. Bonds
1082,December,Collective Soul
1083,Do You Want To Know A Secret,Beatles
1084,Deeper And Deeper,Madonna
1085,Denise,Randy
1086,Der Kommissar,After The Fire
1087,Desire,Andy Gibb
1088,Desire,U2
1089,Devil Inside,INXS
1090,Devil Woman,Cliff Richard
1091,Diamond Girl,Seals and Crofts
1092,Delilah,Tom Jones
1093,Count On Me,Jefferson Starship
1094,Eyes Without A Face,Billy Idol
1095,Fallin' For You,Colbie Caillat
1096,Gotham City,R. Kelly
1097,Gotta Be Somebody,Nickelback
1098,Gotta Get Thru This,Daniel Bedingfield
1099,Green River,Creedence Clearwater Revival
1100,Green Tambourine,Lemon Pipers
1101,Grind With Me,Pretty Ricky
1102,Groove Thang,Zhane
1103,Groovy Situation,Gene Chandler
1104,Guilty,Barbra Streisand
1105,Halo,Beyonce
1106,Handy Man,James Taylor
1107,Hang On In There Baby,Johnny Bristol
1108,Hangin' Tough,New Kids On The Block
1109,Happy,Ashanti
1110,Hard,Rihanna
1111,Got To Be Real,Cheryl Lynn
1112,Hard Habit To Break,Chicago
1113,Got Money,Lil Wayne
1114,Goodnight Tonight,Wings
1115,Golden Years,David Bowie
1116,Goldfinger,Shirley Bassey
1117,Gone Till November,Wyclef Jean
1118,"Gone, Gone, Gone",Phillip Phillips
1119,Good Enough,Bobby Brown
1120,Good For Me,Amy Grant
1121,Good For You,Selena Gomez
1122,Good Girl,Carrie Underwood
1123,Good Girls Go Bad,Cobra Starship
1124,Good Life,OneRepublic
1125,Good Morning Starshine,Oliver
1126,Good Thing,Fine Young Cannibals
1127,Good Time,Owl City
1128,Good Vibrations,Beach Boys
1129,Goodbye Yellow Brick Road,Elton John
1130,Goody Two Shoes,Adam Ant
1131,Hate It Or Love It,Game
1132,Hate That I Love You,Rihanna
1133,Hats Off To Larry,Del Shannon
1134,Heaven,Bryan Adams
1135,Heaven,DJ Sammy
1136,Heaven,Los Lonely Boys
1137,Heaven Must Be Missing An Angel,Tavares
1138,Hell Yeah,Ginuwine
1139,Hello Again,Neil Diamond
1140,Hello Mary Lou,Ricky Nelson
1141,Help Me,Joni Mitchell
1142,Here And Now,Luther Vandross
1143,Here Comes The Rain Again,Eurythmics
1144,Here I Am,Al Green
1145,Here I Am,UB40
1146,Here We Are,Gloria Estefan
1147,Here We Go,C+C Music Factory
1148,Here You Come Again,Dolly Parton
1149,Heartbreaker,Mariah Carey
1150,Heart To Heart,Kenny Loggins
1151,Heart Full Of Soul,Yardbirds
1152,Heart Attack,Demi Lovato
1153,Have I Told You Lately,Rod Stewart
1154,Have You Never Been Mellow,Olivia Newton-John
1155,Have You Seen Her,M.C. Hammer
1156,Haven't Met You Yet,Michael Buble
1157,Having A Party,Sam Cooke
1158,Hazard,Richard Marx
1159,Hazy Shade Of Winter,Bangles
1160,Gold,John Stewart
1161,"He Ain't Heavy, He's My Brother",Hollies
1162,He Loves U Not,Dream
1163,He's The Greatest Dancer,Sister Sledge
1164,Head Over Heels,Tears For Fears
1165,Headsprung,LL Cool J
1166,Headstrong,Trapt
1167,Heard It All Before,Sunshine Anderson
1168,Heard It In A Love Song,Marshall Tucker Band
1169,He Can't Love U,Jagged Edge
1170,Fading Like A Flower,Roxette
1171,Go Now,Moody Blues
1172,Glory Days,Bruce Springsteen
1173,Fire Burning,Sean Kingston
1174,Fire Lake,Bob Seger
1175,Flex,Rich Homie Quan
1176,Fly Away,Lenny Kravitz
1177,Fly Like An Eagle,Steve Miller Band
1178,Fooled Around And Fell In Love,Elvin Bishop
1179,Foolish Little Girl,Shirelles
1180,For All We Know,Carpenters
1181,For The First Time,Script
1182,For What It's Worth,Buffalo Springfield
1183,For Your Love,Yardbirds
1184,Forever And For Always,Shania Twain
1185,Forever Your Girl,Paula Abdul
1186,Forget About Dre,Dr. Dre
1187,Fortunate,Maxwell
1188,Fire And Rain,James Taylor
1189,Found Out About You,Gin Blossoms
1190,Fire,Ohio Players
1191,Fiesta,R. Kelly
1192,Fame,Irene Cara
1193,Family Man,Daryl Hall and John Oates
1194,Let Me Love You Tonight,Pure Prairie League
1195,Far Away,Nickelback
1196,Fastlove,George Michael
1197,Father Figure,George Michael
1198,Feel Good Inc,Gorillaz
1199,Feel Like Makin' Love,Roberta Flack
1200,Feel Like Makin' Love,Bad Company
1201,Feel Me Flow,Naughty By Nature
1202,Feel So Close,Calvin Harris
1203,Feel This Moment,Pitbull
1204,Feelin' Stronger Every Day,Chicago
1205,Feels Like The First Time,Foreigner
1206,Ferry Cross The Mersey,Gerry and The Pacemakers
1207,Fill Me In,Craig David
1208,Free Fallin',Tom Petty
1209,Freek'n You,Jodeci
1210,Freeway Of Love,Aretha Franklin
1211,Gimme Some Lovin',Spencer Davis Group
1212,Gimme the Light,Sean Paul
1213,Gin And Juice,Snoop Doggy Dogg
1214,Girl Crush,Little Big Town
1215,Girl On Fire,Alicia Keys
1216,Girlfriend,Pebbles
1217,Gitarzan,Ray Stevens
1218,Give Me Just A Little More Time,Chairmen Of The Board
1219,Give Me Love,George Harrison
1220,Give Your Heart A Break,Demi Lovato
1221,Giving Him Something He Can Feel,En Vogue
1222,Giving It Up For Your Love,Delbert McClinton
1223,Giving You The Benefit,Pebbles
1224,Glad All Over,Dave Clark Five
1225,Gloria,Laura Branigan
1226,Gimme Little Sign,Brenton Wood
1227,Get Like Me,David Banner
1228,Get It Together,702
1229,Get It Poppin',Fat Joe
1230,Friend Of Mine,Kelly Price
1231,From This Moment On,Shania Twain
1232,Frontin',Pharrell Williams
1233,Frozen,Madonna
1234,Funky Broadway,Wilson Pickett
1235,Funky Cold Medina,Tone Loc
1236,G.D.F.R.,Flo Rida
1237,Go Jimmy Go,Jimmy Clanton
1238,G.H.E.T.T.O.U.T.,Changing Faces
1239,Game Over,Lil' Flip
1240,Games People Play,Alan Parsons Project
1241,Georgy Girl,Seekers
1242,Get Back,Beatles
1243,Get Down,Gilbert O'Sullivan
1244,Get Down Tonight,K.C. and The Sunshine Band
1245,Get It On Tonite,Montell Jordan
1246,Galveston,Glen Campbell
1247,Count Me In,Gary Lewis and The Playboys
1248,Couldn't Get It Right,Climax Blues Band
1249,Could It Be Magic,Barry Manilow
1250,Anyone Who Had A Heart,Dionne Warwick
1251,Anything,3t
1252,Anytime You Need A Friend,Mariah Carey
1253,Anywhere,112
1254,Applause,Lady Gaga
1255,Are You Jimmy Ray?,Jimmy Ray
1256,Ariel,Dean Friedman
1257,Armageddon It,Def Leppard
1258,Around The Way Girl,LL Cool J
1259,Arthur's Theme,Christopher Cross
1260,As I Lay Me Down,Sophie B. Hawkins
1261,As Long as You Love Me,Justin Bieber
1262,Ass Back Home,Gym Class Heroes
1263,At Your Best,Aaliyah
1264,Automatic,Pointer Sisters
1265,Anticipation,Carly Simon
1266,Baby,Brook Benton
1267,Another Sad Love Song,Toni Braxton
1268,Animals,Martin Garrix
1269,Always,Erasure
1270,Amanda,Boston
1271,Amazing,Aerosmith
1272,America,Neil Diamond
1273,American Kids,Kenny Chesney
1274,Among My Souvenirs,Connie Francis
1275,An Everlasting Love,Andy Gibb
1276,An Innocent Man,Billy Joel
1277,Anaconda,Nicki Minaj
1278,Angel,Aerosmith
1279,Angel,Jon Secada
1280,Angel Eyes,Jeff Healey Band
1281,Angie Baby,Helen Reddy
1282,Animal,Neon Trees
1283,Animals,Maroon 5
1284,Annie's Song,John Denver
1285,Baby,Brandy
1286,Baby,Justin Bieber
1287,Baby Don't Forget My Number,Milli Vanilli
1288,Bad Medicine,Bon Jovi
1289,Bad Moon Rising,Creedence Clearwater Revival
1290,Bad Time,Grand Funk
1291,Bag Lady,Erykah Badu
1292,Bailamos,Enrique Iglesias
1293,Bailando,Enrique Iglesias
1294,Baker Street,Gerry Rafferty
1295,Ball Of Confusion,Temptations
1296,Bang A Gong,T. Rex
1297,Bang Bang,Cher
1298,Bang Bang,"Jessie J, Ariana Grande & Nicki Minaj"
1299,Barracuda,Heart
1300,Bartender,T-Pain
1301,Battlefield,Jordin Sparks
1302,Be My Baby,Ronettes
1303,Bad Boys,Inner Circle
1304,Bad,Wale
1305,Bad,Michael Jackson
1306,Back and Forth,Aaliyah
1307,Baby Don't Go,Sonny and Cher
1308,Baby Hold On,Eddie Money
1309,Baby I Love You,Aretha Franklin
1310,Baby I Need Your Loving,Four Tops
1311,Baby I'm Yours,Shai
1312,Baby It's You,Shirelles
1313,Baby Love,Supremes
1314,Alright,Janet Jackson
1315,Baby Workout,Jackie Wilson
1316,Back 2 Good,Matchbox 20
1317,Back For Good,Take That
1318,Back In My Arms Again,Supremes
1319,Back In Time,Pitbull
1320,Back On The Chain Gang,Pretenders
1321,Back Stabbers,O'Jays
1322,Back To December,Taylor Swift
1323,"Baby, I Love You",Andy Kim
1324,Be With You,Enrique Iglesias
1325,Already Gone,Kelly Clarkson
1326,Allentown,Billy Joel
1327,3,Britney Spears
1328,3 A.M. Eternal,KLF
1329,4 Minutes,Madonna
1330,6 Foot 7 Foot,Lil Wayne
1331,7 Days,Craig David
1332,99 Luftballons,Nena
1333,A Boy Named Sue,Johnny Cash
1334,A Cowboy's Work Is Never Done,Sonny and Cher
1335,A Groovy Kind Of Love,Phil Collins
1336,A Horse With No Name,America
1337,A Little Bit More,Dr. Hook
1338,A Little Bitty Tear,Burl Ives
1339,A Little In Love,Cliff Richard
1340,A Milli,Lil Wayne
1341,A Moment Like This,Kelly Clarkson
1342,25 Or 6 To 4,Chicago
1343,A Sky Full Of Stars,Coldplay
1344,22,Taylor Swift
1345,19th Nervous Breakdown,Rolling Stones
1346,(I Just) Died In Your Arms,Cutting Crew
1347,(I Know) I'm Losing You,Rare Earth
1348,(I've Been) Searchin' So Long,Chicago
1349,(Keep Feeling) Fascination,Human League
1350,(Marie's The Name) His Latest Flame,Elvis Presley
1351,(Our Love) Don't Throw It All Away,Andy Gibb
1352,"(Shake, Shake, Shake) Shake Your Booty",K.C. and The Sunshine Band
1353,(Theme From) Valley Of The Dolls,Dionne Warwick
1354,(When You Gonna) Give It Up To Me,Sean Paul
1355,(You're The) Devil In Disguise,Elvis Presley
1356,(You're) Having My Baby,Paul Anka
1357,(Your Love Keeps Lifting Me) Higher And Higher,Jackie Wilson
1358,1 Thing,Amerie
1359,18 And Life,Skid Row
1360,1979,Smashing Pumpkins
1361,2 Become 1,Spice Girls
1362,A Song For Mama,Boyz II Men
1363,A Summer Song,Chad and Jeremy
1364,A Whiter Shade Of Pale,Procol Harum
1365,All By Myself,Celine Dion
1366,All Day And All Of The Night,Kinks
1367,All Eyes On You,Meek Mill
1368,All Falls Down,Kanye West
1369,All For You,Sister Hazel
1370,All I Have To Give,Backstreet Boys
1371,All Night Long,Faith Evans
1372,All Of The Lights,Kanye West
1373,All Out Of Love,Air Supply
1374,All Right,Christopher Cross
1375,All The Right Moves,OneRepublic
1376,All The Small Things,Blink 182
1377,All Those Years Ago,George Harrison
1378,All Through The Night,Cyndi Lauper
1379,All You Need Is Love,Beatles
1380,All By Myself,Eric Carmen
1381,Alfie,Dionne Warwick
1382,Alejandro,Lady Gaga
1383,Ain't no Other Man,Christina Aguilera
1384,A Woman's Worth,Alicia Keys
1385,A World Without Love,Peter and Gordon
1386,According To You,Orianthi
1387,Addictive,Truth Hurts
1388,Adult Education,Daryl Hall and John Oates
1389,Affair Of The Heart,Rick Springfield
1390,After The Love Has Gone,"Earth, Wind and Fire"
1391,Almost Persuaded,David Houston
1392,After The Lovin',Engelbert Humperdinck
1393,Against The Wind,Bob Seger
1394,Ahab The Arab,Ray Stevens
1395,Ain't No Stoppin' Us Now,McFadden and Whitehead
1396,Ain't No Sunshine,Bill Withers
1397,Ain't No Woman,Four Tops
1398,Ain't Nothing Like The Real Thing,Marvin Gaye and Tammi Terrell
1399,Ain't Too Proud To Beg,Temptations
1400,After The Rain,Nelson
1401,Beautiful,Snoop Dogg
1402,Beautiful,Akon
1403,Beautiful Girls,Sean Kingston
1404,Can't You See,Total
1405,Can't You See That She's Mine,Dave Clark Five
1406,Candle In The Wind,Elton John
1407,Candy Rain,Soul For Real
1408,Car Wash,Rose Royce
1409,Caribbean Queen,Billy Ocean
1410,Carnival,Natalie Merchant
1411,Carrie Ann,Hollies
1412,Carry On Wayward Son,Kansas
1413,Carry Out,Timbaland
1414,Cast Your Fate To The Wind,Sounds Orchestral
1415,Cat's In The Cradle,Harry Chapin
1416,Catch My Breath,Kelly Clarkson
1417,Catch Us If You Can,Dave Clark Five
1418,Cater 2 U,Destiny's Child
1419,Can't We Try,Dan Hill
1420,Caught Up,Usher
1421,Can't Stop This Thing We Started,Bryan Adams
1422,Can't Let You Go,Fabolous
1423,Butterfly,Crazy Town
1424,C U When U Get There,Coolio
1425,Calendar Girl,Neil Sedaka
1426,California Girls,Beach Boys
1427,California Nights,Lesley Gore
1428,Calling All Angels,Train
1429,Can I Get A...,Jay-Z
1430,Can We Talk,Tevin Campbell
1431,Can't Believe It,T-Pain
1432,Can't Buy Me Love,Beatles
1433,Can't Fight the Moonlight,LeAnn Rimes
1434,Can't Get You Out Of My Head,Kylie Minogue
1435,Can't Help Falling In Love,Elvis Presley
1436,Can't Hold Us Down,Christina Aguilera
1437,Can't Let Go,Mariah Carey
1438,Can't Smile Without You,Barry Manilow
1439,Causing A Commotion,Madonna
1440,Centuries,Fall Out Boy
1441,Chain Gang,Sam Cooke
1442,Come On Over Baby,Christina Aguilera
1443,Come Sail Away,Styx
1444,Come To My Window,Melissa Etheridge
1445,Come With Me,Puff Daddy
1446,Comin' In And Out Of Your Life,Barbra Streisand
1447,Coming On Strong,Brenda Lee
1448,Coming Out Of The Dark,Gloria Estefan
1449,Conga,Miami Sound Machine
1450,Control,Janet Jackson
1451,Cool Change,Little River Band
1452,Cool For The Summer,Demi Lovato
1453,Cool It Now,New Edition
1454,Cool Kids,Echosmith
1455,Copacabana,Barry Manilow
1456,Could It Be I'm Falling In Love,Spinners
1457,Come Dancing,Kinks
1458,Come Back To Me,Janet Jackson
1459,Come And Get It,Badfinger
1460,Come A Little Bit Closer,Jay and The Americans
1461,Change Of Heart,Cyndi Lauper
1462,Cherish,Madonna
1463,China Girl,David Bowie
1464,Chuck E's In Love,Rickie Lee Jones
1465,Circus,Britney Spears
1466,Clair,Gilbert O'Sullivan
1467,Clarity,Zedd
1468,Butterflies,Michael Jackson
1469,Clean Up Woman,Betty Wright
1470,Climax,Usher
1471,Closer To Free,Bodeans
1472,Club Can't Handle Me,Flo Rida
1473,Clumsy,Fergie
1474,Cold As Ice,Foreigner
1475,Cold Rock A Party,Mc Lyte
1476,Collide,Howie Day
1477,Cleanin' out my Closet,Eminem
1478,Busted,Ray Charles
1479,Bust It Baby Part 2,Plies
1480,Bust A Move,Young M.C.
1481,Better Love Next Time,Dr. Hook
1482,Beyond The Sea,Bobby Darin
1483,Big Pimpin',Jay-Z
1484,Biggest Part Of Me,Ambrosia
1485,Billionaire,Travie McCoy
1486,Birthday Sex,Jeremih
1487,Bits And Pieces,Dave Clark Five
1488,Black And White,Three Dog Night
1489,Black And Yellow,Wiz Khalifa
1490,Black Balloon,Goo Goo Dolls
1491,Black Cat,Janet Jackson
1492,Black Widow,Iggy Azalea
1493,Blah Blah Blah,Ke$ha
1494,Blame It On The Bossa Nova,Eydie Gorme
1495,Bless You,Tony Orlando
1496,Better In Time,Leona Lewis
1497,Better Be Good To Me,Tina Turner
1498,Best Thing That Ever Happened To Me,Gladys Knight and The Pips
1499,Best Song Ever,One Direction
1500,Beautiful Liar,Beyonce
1501,Beauty And A Beat,Justin Bieber
1502,Beauty Is Only Skin Deep,Temptations
1503,Because,Dave Clark Five
1504,Because Of Love,Janet Jackson
1505,Because Of You,98 Degrees
1506,Because Of You,Kelly Clarkson
1507,Blow,Ke$Ha
1508,Because Of You,Ne-Yo
1509,Because The Night,"10,000 Maniacs"
1510,Bed,J. Holiday
1511,Bed Of Roses,Bon Jovi
1512,Believe,Elton John
1513,Berzerk,Eminem
1514,Best Day Of My Life,American Authors
1515,Best Of You,Foo Fighters
1516,Because The Night,Patti Smith
1517,Hero,Chad Kroeger
1518,Blowing Kisses In The Wind,Paula Abdul
1519,Blue,Eiffel 65
1520,Break It To Me Gently,Brenda Lee
1521,Breakdance,Irene Cara
1522,Breakeven,Script
1523,Breakfast At Tiffany's,Deep Blue Something
1524,Breakin' My Heart,Mint Condition
1525,Breakout,Swing Out Sister
1526,Bring The Boys Home,Freda Payne
1527,Brown Eyed Girl,Van Morrison
1528,Buffalo Stance,Neneh Cherry
1529,Building A Mystery,Sarah McLachlan
1530,Burn,Ellie Goulding
1531,Burnin' It Down,Jason Aldean
1532,Burnin' Up,Jonas Brothers
1533,Burning Love,Elvis Presley
1534,Bus Stop,Hollies
1535,Break Free,Ariana Grande
1536,Brave,Sara Bareilles
1537,Brass In Pocket,Pretenders
1538,Boys 'Round Here,Blake Shelton
1539,Blue Bayou,Linda Ronstadt
1540,Blue Eyes,Elton John
1541,Blue On Blue,Bobby Vinton
1542,Boogie Down,Eddie Kendricks
1543,Boogie On Reggae Woman,Stevie Wonder
1544,Boogie Wonderland,"Earth, Wind and Fire"
1545,Boom Clap,Charli XCX
1546,Blown Away,Carrie Underwood
1547,Bootylicious,Destiny's Child
1548,Born To Be My Baby,Bon Jovi
1549,Born To Be Wild,Steppenwolf
1550,Bossy,Kelis
1551,Bottoms Up,Trey Songz
1552,Bottoms Up,Brantley Gilbert
1553,Boy From New York City,Manhattan Transfer
1554,Boyfriend,Justin Bieber
1555,Borderline,Madonna
1556,Hey Baby,No Doubt
1557,Your Woman,White Town
1558,It's Time,Imagine Dragons
1559,It's My Life,No Doubt
1560,I Just Want To Celebrate,Rare Earth
1561,It's My Party,Lesley Gore
1562,It's My Turn,Diana Ross
1563,I Just Wanna Love U,Jay-Z
1564,It's Not Right But It's Okay,Whitney Houston
1565,It's Not Unusual,Tom Jones
1566,I Just Fall In Love Again,Anne Murray
1567,I Just Can't Stop Loving You,Michael Jackson
1568,I Just Called To Say I Love You,Stevie Wonder
1569,It's Over,Roy Orbison
1570,It's Over Now,112
1571,I Hope You Dance,Lee Ann Womack
1572,It's So Hard To Say Goodbye To Yesterday,Boyz II Men
1573,I Heard A Rumour,Bananarama
1574,I Have Nothing,Whitney Houston
1575,I Hate This Part,Pussycat Dolls
1576,I Guess That's Why They Call It The Blues,Elton John
1577,It's Time To Cry,Paul Anka
1578,It's Your Love,Tim McGraw
1579,Izzo,Jay-Z
1580,Jack And Jill,Raydio
1581,I Got The Feelin',James Brown
1582,It's Like That,Mariah Carey
1583,It's Gonna Work Out Fine,Ike and Tina Turner
1584,It's Getting Better,Mama Cass Elliot
1585,It's Five O'Clock Somewhere,Alan Jackson
1586,Irresistible,Jessica Simpson
1587,I Remember You,Skid Row
1588,I Ran,A Flock Of Seagulls
1589,I Need Your Love,Calvin Harris
1590,I Need You,LeAnn Rimes
1591,I Need A Doctor,Dr. Dre
1592,Island Girl,Elton John
1593,Islands In The Stream,Kenny Rogers
1594,I Love You More And More Every Day,Al Martino
1595,It Ain't Over 'Til It's Over,Lenny Kravitz
1596,I Love You,Faith Evans
1597,Jacob's Ladder,Huey Lewis and The News
1598,It Don't Come Easy,Ringo Starr
1599,It Feels So Good,Sonique
1600,It Hurts To Be In Love,Gene Pitney
1601,It Must Be Him,Vicki Carr
1602,I Love Music,O'Jays
1603,I Love It,Icona Pop
1604,It Was Almost Like A Song,Ronnie Milsap
1605,It Will Rain,Bruno Mars
1606,I Know A Place,Petula Clark
1607,It'S Not My Time,3 Doors Down
1608,I Knew You Were Waiting,Aretha Franklin
1609,It's A Heartache,Bonnie Tyler
1610,It Ends Tonight,All-American Rejects
1611,I Still Believe,Mariah Carey
1612,I Got 5 On It,Luniz
1613,Jaded,Aerosmith
1614,I Cry,Flo Rida
1615,I Can't Wait,Nu Shooz
1616,Just A Girl,No Doubt
1617,Just A Kiss,Lady Antebellum
1618,Just A Song Before I Go,"Crosby, Stills and Nash"
1619,Just Between You And Me,Lou Gramm
1620,I Can't Stay Mad At You,Skeeter Davis
1621,I Can't Stand It,Eric Clapton
1622,I Can't Sleep Baby,R. Kelly
1623,Just Kickin' It,Xscape
1624,I Can't Hold Back,Survivor
1625,I Can See Clearly Now,Jimmy Cliff
1626,I Can See Clearly Now,Johnny Nash
1627,I Can Help,Billy Swan
1628,I Can Dream About You,Dan Hartman
1629,I Can,Nas
1630,I Believe In You And Me,Whitney Houston
1631,I Believe In You,Johnnie Taylor
1632,Karma,Alicia Keys
1633,I Believe,Blessid Union Of Souls
1634,I Am A Rock,Simon and Garfunkel
1635,I Ain't Gonna Stand For It,Stevie Wonder
1636,Hypnotize,Notorious B.I.G.
1637,I Didn't Mean To Turn You On,Robert Palmer
1638,I Do,Lisa Loeb
1639,Jumpin' Jack Flash,Rolling Stones
1640,I Do!!,Toya
1641,Janie's Got A Gun,Aerosmith
1642,Jar Of Hearts,Christina Perri
1643,I Get Around,2Pac
1644,Jean,Oliver
1645,Jenny from the Block,Jennifer Lopez
1646,I Finally Found Someone,Barbra Streisand
1647,Jesus Walks,Kanye West
1648,Jet Airliner,Steve Miller Band
1649,Joanna,Kool and The Gang
1650,Joyride,Roxette
1651,I Don't Want To Miss A Thing,Mark Chesnutt
1652,I Get Weak,Belinda Carlisle
1653,I Don't Want To Miss A Thing,Aerosmith
1654,I Don't Wanna Live Without Your Love,Chicago
1655,I Don't Wanna Go On With You Like That,Elton John
1656,I Don't Wanna Fight,Tina Turner
1657,I Don't Wanna Cry,Mariah Carey
1658,I Don't Need You,Kenny Rogers
1659,I Don't Mind,Usher
1660,Jump Around,House Of Pain
1661,I Don't Like To Sleep Alone,Paul Anka
1662,I Don't Know How To Love Him,Helen Reddy
1663,Jumper,Third Eye Blind
1664,I Don't F**k With You,Big Sean
1665,I Don't Want To Be,Gavin DeGraw
1666,I Still Haven't Found What I'm Looking For,U2
1667,I Thank You,Sam and Dave
1668,Invisible Man,98 Degrees
1669,If This Is It,Huey Lewis and The News
1670,I'm Like A Bird,Nelly Furtado
1671,I'm In You,Peter Frampton
1672,If Today Was Your Last Day,Nickelback
1673,"I'm Henry VIII, I Am",Herman's Hermits
1674,I'm Gonna Make You Mine,Lou Christie
1675,I'm Gonna Love You Just A Little More,Barry White
1676,I'm Gonna Be Alright,Jennifer Lopez
1677,I'm Every Woman,Whitney Houston
1678,If U Seek Amy,Britney Spears
1679,If Wishes Came True,Sweet Sensation
1680,Hey Baby,Pitbull
1681,If You Asked Me To,Celine Dion
1682,If You Could Read My Mind,Gordon Lightfoot
1683,If You Go,Jon Secada
1684,If You Leave,Orchestral Manoeuvres In The Dark
1685,If You Leave Me Now,Chicago
1686,If You Love Me,Olivia Newton-John
1687,If You Love Me,Brownstone
1688,I'll Never Love This Way Again,Dionne Warwick
1689,If You Really Love Me,Stevie Wonder
1690,If You Want Me To Stay,Sly and The Family Stone
1691,If You're Not The One,Daniel Bedingfield
1692,I'm N Luv,T-Pain
1693,I'm Not In Love,10cc
1694,I'm Not The Only One,Sam Smith
1695,If It Makes You Happy,Sheryl Crow
1696,I've Got To Use My Imagination,Gladys Knight and The Pips
1697,I've Gotta Be Me,Sammy Davis Jr.
1698,I've Been Lonely Too Long,Young Rascals
1699,I've Gotta Get A Message To You,Bee Gees
1700,Ice Box,Omarion
1701,I'm Your Baby Tonight,Whitney Houston
1702,Ice Ice Baby,Vanilla Ice
1703,If,Bread
1704,If Ever You're In My Arms Again,Peabo Bryson
1705,If Everyone Cared,Nickelback
1706,I'm The Only One,Melissa Etheridge
1707,I'll Never Find Another You,Seekers
1708,I'm Still in Love with You,Sean Paul
1709,I'm Still Standing,Elton John
1710,I'm Still In Love With You,New Edition
1711,I'm Still In Love With You,Al Green
1712,I'm Sprung,T-Pain
1713,I'm So Lonesome I Could Cry,B.J. Thomas
1714,If I Were A Boy,Beyonce
1715,If I Were A Carpenter,Bobby Darin
1716,If I could Go!,Angie Martinez
1717,If It Isn't Love,New Edition
1718,I'm Ready,Tevin Campbell
1719,I'm On One,DJ Khaled
1720,If I Could Turn Back Time,Cher
1721,If Your Girl Only Knew,Aaliyah
1722,Imaginary Lover,Atlanta Rhythm Section
1723,I'll Be Your Shelter,Taylor Dayne
1724,I Was Made For Lovin' You,Kiss
1725,I Want Your Sex,George Michael
1726,I Want Your Love,Chic
1727,Indian Lake,Cowsills
1728,I Want You To Want Me,Cheap Trick
1729,I Want You Back,Jackson 5
1730,Indiana Wants Me,R. Dean Taylor
1731,Infatuation,Rod Stewart
1732,Insane In The Brain,Cypress Hill
1733,I Want To Be Wanted,Brenda Lee
1734,Inside Your Heaven,Carrie Underwood
1735,Incomplete,Backstreet Boys
1736,I Want Her,Keith Sweat
1737,Instant Karma,John Lennon
1738,I Wanna Love You Forever,Jessica Simpson
1739,I Wanna Go,Britney Spears
1740,I Wanna Be Down,Brandy
1741,I Wanna Be Around,Tony Bennett
1742,I Turn To You,Christina Aguilera
1743,International Love,Pitbull
1744,I Try,Macy Gray
1745,Into You,Fabolous
1746,I Tried,Bone Thugs-N-Harmony
1747,I Touch Myself,Divinyls
1748,I Want A New Drug,Huey Lewis and The News
1749,Keep Holding On,Avril Lavigne
1750,I Will Come To You,Hanson
1751,I Will Remember You,Sarah McLachlan
1752,I'll Be There For You,Bon Jovi
1753,Impulsive,Wilson Phillips
1754,In Dreams,Roy Orbison
1755,I'll Be Loving You,New Kids On The Block
1756,In My House,Mary Jane Girls
1757,I'll Be Doggone,Marvin Gaye
1758,I'll Be,Edwin McCain
1759,I'll Be,Foxy Brown
1760,In The Ayer,Flo Rida
1761,I'd Die Without You,P.M. Dawn
1762,In The Closet,Michael Jackson
1763,Incomplete,Sisqo
1764,In The Ghetto,Elvis Presley
1765,In The Navy,Village People
1766,In The Rain,Dramatics
1767,I Wish It Would Rain Down,Phil Collins
1768,In The Summertime,Mungo Jerry
1769,In The Year 2525,Zager and Evans
1770,I Wish,Skee-lo
1771,I Wish,Stevie Wonder
1772,In Those Jeans,Ginuwine
1773,In Your Room,Bangles
1774,I Will Wait,Mumford and Sons
1775,Incense And Peppermints,Strawberry Alarm Clock
1776,I Won't Give Up,Jason Mraz
1777,Hurting Each Other,Carpenters
1778,I've Got Love On My Mind,Natalie Cole
1779,Higher Ground,Stevie Wonder
1780,Hole Hearted,Extreme
1781,Leavin',Jesse McCartney
1782,Hooray For Hazel,Tommy Roe
1783,Hip Hop Hooray,Naughty By Nature
1784,Legs,ZZ Top
1785,Holidae In,Chingy
1786,La Isla Bonita,Madonna
1787,Let 'Em In,Wings
1788,King Of Wishful Thinking,Go West
1789,How Do I Make You,Linda Ronstadt
1790,Hook,Blues Traveler
1791,La-La Means I Love You,Delfonics
1792,Let Her Cry,Hootie and The Blowfish
1793,How Do You Talk To An Angel,Heights
1794,Latch,Disclosure
1795,How Long,Ace
1796,Let Her In,John Travolta
1797,Holiday,Green Day
1798,Last Kiss,Pearl Jam
1799,How Low,Ludacris
1800,How Sweet It Is,James Taylor
1801,Hey Nineteen,Steely Dan
1802,Lady,Styx
1803,Leather And Lace,Stevie Nicks
1804,Hip To Be Square,Huey Lewis and The News
1805,"Lean Wit It, Rock Wit It",Dem Franchize Boyz
1806,Hold Your Head Up,Argent
1807,Hot N Cold,Katy Perry
1808,Hot n Cold,Katy Perry
1809,Kodachrome,Paul Simon
1810,Hotel Room Service,Pitbull
1811,Leader Of The Band,Dan Fogelberg
1812,Hold Me Now,Thompson Twins
1813,Hold Me,Fleetwood Mac
1814,Kokomo,Beach Boys
1815,Hot Boyz,Missy Elliott
1816,House Of The Rising Sun,Frijid Pink
1817,How Am I Supposed To Live Without You,Laura Branigan
1818,How To Love,Lil Wayne
1819,Lead Me On,Maxine Nightingale
1820,Hold Me Tight,Johnny Nash
1821,Hold It Against Me,Britney Spears
1822,How Can I Fall?,Breathe
1823,How Can We Be Lovers,Michael Bolton
1824,Kissin' You,Total
1825,Hot Blooded,Foreigner
1826,Layla,Derek and The Dominos
1827,Hit Me With Your Best Shot,Pat Benatar
1828,Hopelessly Devoted To You,Olivia Newton-John
1829,Hold On To The Nights,Richard Marx
1830,Lay Lady Lay,Bob Dylan
1831,How Can I Be Sure,Young Rascals
1832,"Honey, I'm Good.",Andy Grammer
1833,Hot Rod Lincoln,Commander Cody and His Lost Planet Airmen
1834,Keep On Walkin',CeCe Peniston
1835,Humpin' Around,Bobby Brown
1836,Landslide,Dixie Chicks
1837,Hey Brother,Avicii
1838,Let It Be Me,Everly Brothers
1839,Keep The Fire Burnin',REO Speedwagon
1840,Honey,Mariah Carey
1841,Hey Mama,David Guetta
1842,Let It Go,Keyshia Cole
1843,Human,Human League
1844,Keep Ya Head Up,2Pac
1845,Lady,Commodores
1846,Let Me Go,3 Doors Down
1847,Let It Whip,Dazz Band
1848,Keep Their Heads Ringin',Dr. Dre
1849,Let Me Be There,Olivia Newton-John
1850,Hungry Heart,Bruce Springsteen
1851,Homeward Bound,Simon and Garfunkel
1852,Hey Ma,Cam'ron
1853,Hey Mr. D.J.,Zhane
1854,Hollywood Swinging,Kool and The Gang
1855,Lady Madonna,Beatles
1856,Home,Daughtry
1857,Key West Intermezzo,John Mellencamp
1858,Lady,Little River Band
1859,How You Gonna Act Like That,Tyrese
1860,Keep On Truckin',Eddie Kendricks
1861,Lady Godiva,Peter and Gordon
1862,Kiddio,Brook Benton
1863,Honey Bee,Blake Shelton
1864,Keep Your Hands To Yourself,Georgia Satellites
1865,Home,Phillip Phillips
