,artist,title
0,"10,000 Maniacs",Because The Night
1,10cc,I'm Not In Love
2,10cc,The Things We Do For Love
3,112,Only You
4,112,Cupid
5,112,Anywhere
6,112,It's Over Now
7,2 Chainz,No Lie
8,2Pac,I Get Around
9,2Pac,Keep Ya Head Up
10,3 Doors Down,It'S Not My Time
11,3 Doors Down,Let Me Go
12,3LW,No More
13,3t,Anything
14,4 Non Blondes,What's Up
15,50 Cent,Wanksta
16,69 Boyz,Tootsee Roll
17,702,Get It Together
18,98 Degrees,The Hardest Thing
19,98 Degrees,Because Of You
20,98 Degrees,Invisible Man
21,A Flock Of Seagulls,I Ran
22,ABBA,The Winner Takes It All
23,ABBA,Waterloo
24,ABBA,Take A Chance On Me
25,AWOLNATION,Sail
26,Aaliyah,At Your Best
27,Aaliyah,Back and Forth
28,Aaliyah,If Your Girl Only Knew
29,Aaliyah,The One I Gave My Heart To
30,Aaliyah,More than a Woman
31,Ace,How Long
32,Ace Of Base,Cruel Summer
33,Adam Ant,Goody Two Shoes
34,Adam Lambert,Whataya Want From Me
35,Aerosmith,Jaded
36,Aerosmith,Janie's Got A Gun
37,Aerosmith,I Don't Want To Miss A Thing
38,Aerosmith,Dream On
39,Aerosmith,Crazy
40,Aerosmith,Angel
41,Aerosmith,Amazing
42,Aerosmith,Cryin'
43,After The Fire,Der Kommissar
44,Air Supply,Making Love Out Of Nothing At All
45,Air Supply,Even The Nights Are Better
46,Air Supply,All Out Of Love
47,Air Supply,Sweet Dreams
48,Air Supply,Every Woman In The World
49,Air Supply,The One That You Love
50,Akon,Right Now
51,Akon,Beautiful
52,Akon,Locked Up
53,Akon,Lonely
54,Al Green,Here I Am
55,Al Green,Look What You Done For Me
56,Al Green,I'm Still In Love With You
57,Al Martino,I Love You More And More Every Day
58,Alabama,Love In The First Degree
59,Alan Jackson,It's Five O'Clock Somewhere
60,Alan Parsons Project,Games People Play
61,Alan Parsons Project,Time
62,Alan Parsons Project,Eye In The Sky
63,Alex Clare,Too Close
64,Alice Cooper,Only Women Bleed
65,Alice Cooper,You And Me
66,Alicia Keys,A Woman's Worth
67,Alicia Keys,You Don't Know My Name
68,Alicia Keys,Girl On Fire
69,Alicia Keys,Karma
70,Alicia Keys,Diary
71,Alicia Keys,Like You'll Never See Me Again
72,All Saints,Never Ever
73,All-American Rejects,Dirty Little Secret
74,All-American Rejects,It Ends Tonight
75,Aloe Blacc,The Man
76,Ambrosia,Biggest Part Of Me
77,America,You Can Do Magic
78,America,A Horse With No Name
79,America,Sister Golden Hair
80,American Authors,Best Day Of My Life
81,Amerie,1 Thing
82,Amy Grant,Every Heartbeat
83,Amy Grant,Good For Me
84,Amy Winehouse,Rehab
85,Andrew Gold,Lonely Boy
86,Andy Gibb,(Our Love) Don't Throw It All Away
87,Andy Gibb,An Everlasting Love
88,Andy Gibb,Desire
89,Andy Grammer,"Honey, I'm Good."
90,Andy Kim,"Baby, I Love You"
91,Andy Kim,Rock Me Gently
92,Andy Williams,Love Story
93,Andy Williams,The Village Of St. Bernadette
94,Angie Martinez,If I could Go!
95,Animotion,Obsession
96,Anne Murray,Snowbird
97,Anne Murray,You Needed Me
98,Anne Murray,Daydream Believer
99,Anne Murray,You Won't See Me
100,Anne Murray,I Just Fall In Love Again
101,Anne Murray,Danny's Song
102,Aretha Franklin,Baby I Love You
103,Aretha Franklin,I Knew You Were Waiting
104,Aretha Franklin,Freeway Of Love
105,Aretha Franklin,Day Dreaming
106,Aretha Franklin,Spanish Harlem
107,Argent,Hold Your Head Up
108,Ariana Grande,One Last Time
109,Ariana Grande,The Way
110,Ariana Grande,Break Free
111,Ariana Grande,Love Me Harder
112,Arlo Guthrie,The City Of New Orleans
113,Arrested Development,Mr. Wendal
114,Arrested Development,Tennessee
115,Arrested Development,People Everyday
116,Ashanti,Rock Wit U
117,Ashanti,Happy
118,Ashlee Simpson,Pieces of Me
119,Atlanta Rhythm Section,So In To You
120,Atlanta Rhythm Section,Imaginary Lover
121,Atlantic Starr,Masterpiece
122,Avant,Read your Mind
123,Avant,Separated
124,Average White Band,Cut The Cake
125,Avicii,Hey Brother
126,Avril Lavigne,What The Hell
127,Avril Lavigne,My Happy Ending
128,Avril Lavigne,Keep Holding On
129,B.J. Thomas,I'm So Lonesome I Could Cry
130,Babyface,When Can I See You
131,Babyface,Never Keeping Secrets
132,Babyface,Every Time I Close My Eyes
133,Bachelors,Diane
134,Bachman-Turner Overdrive,Takin' Care Of Business
135,Backstreet Boys,All I Have To Give
136,Backstreet Boys,Incomplete
137,Backstreet Boys,Show Me The Meaning Of Being Lonely
138,Bad Company,Rock 'N' Roll Fantasy
139,Bad Company,Feel Like Makin' Love
140,Bad English,Price Of Love
141,Bad English,When I See You Smile
142,Bad Meets Evil,Lighters
143,Badfinger,Come And Get It
144,Baltimora,Tarzan Boy
145,Bananarama,Venus
146,Bananarama,Cruel Summer
147,Bananarama,I Heard A Rumour
148,Bangles,Manic Monday
149,Bangles,Eternal Flame
150,Bangles,In Your Room
151,Bangles,Hazy Shade Of Winter
152,Barbra Streisand,Woman In Love
153,Barbra Streisand,The Main Event
154,Barbra Streisand,I Finally Found Someone
155,Barbra Streisand,Comin' In And Out Of Your Life
156,Barbra Streisand,No More Tears
157,Barbra Streisand,Guilty
158,Barbra Streisand,My Heart Belongs To Me
159,Barenaked Ladies,One Week
160,Barry Manilow,Could It Be Magic
161,Barry Manilow,Copacabana
162,Barry Manilow,Weekend In New England
163,Barry Manilow,Looks Like We Made It
164,Barry Manilow,Can't Smile Without You
165,Barry Manilow,Mandy
166,Barry White,"You're The First, The Last, My Everything"
167,Barry White,I'm Gonna Love You Just A Little More
168,Barry White,"Never, Never Gonna Give You Up"
169,Bay City Rollers,Saturday Night
170,Beach Boys,Surfer Girl
171,Beach Boys,Kokomo
172,Beach Boys,California Girls
173,Beach Boys,Sloop John B
174,Beach Boys,Good Vibrations
175,Beatles,Get Back
176,Beatles,Ticket To Ride
177,Beatles,Lady Madonna
178,Beatles,Do You Want To Know A Secret
179,Beatles,All You Need Is Love
180,Beatles,Can't Buy Me Love
181,Beatles,Eight Days A Week
182,Beatles,Twist And Shout
183,Beatles,Penny Lane
184,Beatles,Paperback Writer
185,Becky G,Shower
186,Bee Gees,I've Gotta Get A Message To You
187,Bee Gees,You Should Be Dancing
188,Bee Gees,Love You Inside Out
189,Belinda Carlisle,I Get Weak
190,Belinda Carlisle,Mad About You
191,Bellamy Brothers,Let Your Love Flow
192,Ben E. King,Stand By Me
193,Ben E. King,Spanish Harlem
194,Berlin,Take My Breath Away
195,Bert Kaempfert,Wonderland By Night
196,Betty Everett,The Shoop Shoop Song
197,Betty Wright,Clean Up Woman
198,Beyonce,If I Were A Boy
199,Beyonce,Halo
200,Beyonce,Drunk In Love
201,Beyonce,Beautiful Liar
202,Beyonce,Sweet Dreams
203,Big Sean,Dance
204,Big Sean,I Don't F**k With You
205,Bill Withers,Ain't No Sunshine
206,Billy Idol,To Be A Lover
207,Billy Idol,Eyes Without A Face
208,Billy Joel,Allentown
209,Billy Joel,Uptown Girl
210,Billy Joel,My Life
211,Billy Joel,We Didn't Start The Fire
212,Billy Joel,Tell Her About It
213,Billy Joel,An Innocent Man
214,Billy Joel,The River Of Dreams
215,Billy Ocean,Loverboy
216,Billy Ocean,When The Going Gets Tough
217,Billy Ocean,Caribbean Queen
218,Billy Ocean,Suddenly
219,Billy Preston,Nothing From Nothing
220,Billy Swan,I Can Help
221,Black Eyed Peas,Meet Me Halfway
222,Black Eyed Peas,Where Is The Love?
223,Blake Shelton,Honey Bee
224,Blake Shelton,Boys 'Round Here
225,Blessid Union Of Souls,I Believe
226,Blink 182,All The Small Things
227,"Blood, Sweat and Tears",Spinning Wheel
228,"Blood, Sweat and Tears",You've Made Me So Very Happy
229,Blue Cheer,Summertime Blues
230,Blues Traveler,Hook
231,Bob Dylan,Like A Rolling Stone
232,Bob Dylan,Lay Lady Lay
233,Bob Seger,Against The Wind
234,Bob Seger,Night Moves
235,Bob Seger,Fire Lake
236,Bob Seger,Still The Same
237,Bobby Brown,Every Little Step
238,Bobby Brown,Good Enough
239,Bobby Brown,Humpin' Around
240,Bobby Caldwell,What You Won't Do For Love
241,Bobby Darin,Beyond The Sea
242,Bobby Darin,If I Were A Carpenter
243,Bobby Darin,You're The Reason I'm Living
244,Bobby Darin,Things
245,Bobby Hebb,Sunny
246,Bobby McFerrin,"Don't Worry, Be Happy"
247,Bobby Rydell,Swingin' School
248,Bobby Rydell,Volare
249,Bobby Vinton,Blue On Blue
250,Bobby Womack,Lookin' For A Love
251,Bodeans,Closer To Free
252,Bon Jovi,You Give Love A Bad Name
253,Bon Jovi,Wanted Dead Or Alive
254,Bon Jovi,This Ain't A Love Song
255,Bon Jovi,Bad Medicine
256,Bon Jovi,Born To Be My Baby
257,Bon Jovi,Bed Of Roses
258,Bon Jovi,I'll Be There For You
259,Bon Jovi,Who Says you can't Go Home
260,Bone Thugs-N-Harmony,I Tried
261,Bone Thugs-N-Harmony,Look Into My Eyes
262,Bonnie Raitt,Something To Talk About
263,Bonnie Tyler,It's A Heartache
264,Boston,Amanda
265,Bow Wow,Let Me Hold You
266,Bow Wow,Like You
267,Bow Wow,Shortie Like Mine
268,Boys Like Girls,Love Drunk
269,Boys Like Girls,Two Is Better Than One
270,Boyz II Men,A Song For Mama
271,Boyz II Men,It's So Hard To Say Goodbye To Yesterday
272,Boz Scaggs,Lowdown
273,Boz Scaggs,Lido Shuffle
274,Brandy,What About Us?
275,Brandy,I Wanna Be Down
276,Brandy,Baby
277,Brantley Gilbert,Bottoms Up
278,Bread,Lost Without Your Love
279,Bread,If
280,Bread,Everything I Own
281,Breathe,How Can I Fall?
282,Brenda Lee,That's All You Gotta Do
283,Brenda Lee,I Want To Be Wanted
284,Brenda Lee,Coming On Strong
285,Brenda Lee,Everybody Loves Me But You
286,Brenda Lee,Break It To Me Gently
287,Brenda Lee,Losing You
288,Brenton Wood,Gimme Little Sign
289,Brian McKnight,One Last Cry
290,Brick,Dazz
291,Britney Spears,Toxic
292,Britney Spears,Circus
293,Britney Spears,Hold It Against Me
294,Britney Spears,I Wanna Go
295,Britney Spears,Womanizer
296,Britney Spears,3
297,Britney Spears,If U Seek Amy
298,Britney Spears,Till The World Ends
299,Britney Spears,Oops!... I Did It Again
300,Brook Benton,Kiddio
301,Brook Benton,The Boll Weevil Song
302,Brook Benton,Baby
303,Brook Benton,Rainy Night In Georgia
304,Brotherhood Of Man,United We Stand
305,Brownstone,If You Love Me
306,Bruce Hornsby and The Range,Mandolin Rain
307,Bruce Springsteen,Cover Me
308,Bruce Springsteen,Glory Days
309,Bruce Springsteen,Hungry Heart
310,Bruce Springsteen,Streets Of Philadelphia
311,Bruno Mars,The Lazy Song
312,Bruno Mars,It Will Rain
313,Bruno Mars,Treasure
314,Bryan Adams,Heaven
315,Bryan Adams,Straight From The Heart
316,Bryan Adams,Do I Have To Say The Words?
317,Bryan Adams,Thought I'd Died And Gone To Heaven
318,Bryan Adams,Please Forgive Me
319,Bryan Adams,Summer Of '69
320,Bryan Adams,Run To You
321,Bryan Adams,Can't Stop This Thing We Started
322,Bubba Sparxxx,Ms. New Booty
323,Buckcherry,Sorry
324,Buckinghams,Don't You Care
325,Buckinghams,"Mercy, Mercy, Mercy"
326,Buffalo Springfield,For What It's Worth
327,Burl Ives,A Little Bitty Tear
328,Burton Cummings,Stand Tall
329,Busta Rhymes,What's It Gonna Be?!
330,Busta Rhymes,Touch It
331,Byrds,Mr. Tambourine Man
332,C+C Music Factory,Here We Go
333,Calvin Harris,Sweet Nothing
334,Calvin Harris,Feel So Close
335,Calvin Harris,Let's Go
336,Calvin Harris,I Need Your Love
337,Calvin Harris,Summer
338,Cam'ron,Hey Ma
339,Cam'ron,Oh Boy
340,Cameo,Word Up
341,Capris,There's A Moon Out Tonight
342,Captain and Tennille,Shop Around
343,Carly Simon,You Belong To Me
344,Carly Simon,Mockingbird
345,Carly Simon,That's The Way I've Always Heard It Should Be
346,Carly Simon,Anticipation
347,Carole King,One Fine Day
348,Carpenters,We've Only Just Begun
349,Carpenters,Sing
350,Carpenters,Please Mr. Postman
351,Carpenters,Top Of The World
352,Carpenters,Yesterday Once More
353,Carpenters,For All We Know
354,Carpenters,Superstar
355,Carpenters,Rainy Days And Mondays
356,Carpenters,Hurting Each Other
357,Carrie Underwood,Blown Away
358,Carrie Underwood,Inside Your Heaven
359,Carrie Underwood,Good Girl
360,Cars,Shake It Up
361,Cars,Drive
362,Cars,You Might Think
363,CeCe Peniston,Keep On Walkin'
364,Celine Dion,That's The Way It Is
365,Celine Dion,If You Asked Me To
366,Celine Dion,Where Does My Heart Beat Now
367,Celine Dion,All By Myself
368,Chad Kroeger,Hero
369,Chad and Jeremy,A Summer Song
370,Chairmen Of The Board,Give Me Just A Little More Time
371,Changing Faces,Stroke You Up
372,Changing Faces,G.H.E.T.T.O.U.T.
373,Charli XCX,Boom Clap
374,Charlie Daniels Band,The Devil Went Down To Georgia
375,Cheap Trick,Don't Be Cruel
376,Cheap Trick,I Want You To Want Me
377,Cher,Bang Bang
378,Cher,Dark Lady
379,Cher,The Way Of Love
380,Cher,If I Could Turn Back Time
381,Cher,Take Me Home
382,Cherish,Do it to It
383,Cheryl Lynn,Got To Be Real
384,Chic,I Want Your Love
385,Chicago,Make Me Smile
386,Chicago,I Don't Wanna Live Without Your Love
387,Chicago,Feelin' Stronger Every Day
388,Chicago,If You Leave Me Now
389,Chicago,Will You Still Love Me?
390,Chicago,(I've Been) Searchin' So Long
391,Chicago,Hard Habit To Break
392,Chicago,What Kind Of Man Would I Be?
393,Chicago,25 Or 6 To 4
394,Chicago,You're The Inspiration
395,Chingy,Holidae In
396,Chingy,One Call Away
397,Chingy,Pullin' Me Back
398,Chris Montez,Let's Dance
399,Christina Aguilera,Ain't no Other Man
400,Christina Aguilera,Can't Hold Us Down
401,Christina Aguilera,I Turn To You
402,Christina Aguilera,Come On Over Baby
403,Christina Milian,Dip It Low
404,Christina Perri,Jar Of Hearts
405,Christopher Cross,Arthur's Theme
406,Christopher Cross,All Right
407,Christopher Cross,Sailing
408,Chubby Checker,The Fly
409,Chumbawamba,Tubthumping
410,Ciara,Like A Boy
411,Ciara,Promise
412,Clash,Rock The Casbah
413,Clay Aiken,This Is The Night
414,Clean Bandit,Rather Be
415,Cliff Richard,Devil Woman
416,Cliff Richard,A Little In Love
417,Cliff Richard,We Don't Talk Anymore
418,Climax Blues Band,Couldn't Get It Right
419,Cobra Starship,Good Girls Go Bad
420,Cobra Starship,You Make Me Feel...
421,Colbie Caillat,Fallin' For You
422,Colbie Caillat,Realize
423,Coldplay,Viva la Vida
424,Coldplay,Paradise
425,Coldplay,Speed Of Sound
426,Coldplay,A Sky Full Of Stars
427,Collective Soul,The World I Know
428,Collective Soul,Shine
429,Collective Soul,December
430,Commander Cody and His Lost Planet Airmen,Hot Rod Lincoln
431,Commodores,Easy
432,Commodores,Still
433,Commodores,Nightshift
434,Commodores,Sweet Love
435,Commodores,Oh No
436,Commodores,Lady
437,Connie Francis,Mama
438,Connie Francis,Among My Souvenirs
439,Connie Francis,Don't Break The Heart That Loves You
440,Coolio,C U When U Get There
441,Corey Hart,Never Surrender
442,Corey Hart,Sunglasses At Night
443,Cowsills,Indian Lake
444,Cowsills,"The Rain, The Park And Other Things"
445,Craig David,Fill Me In
446,Craig David,7 Days
447,Cranberries,Linger
448,Crash Test Dummies,Mmm Mmm Mmm Mmm
449,Crazy Town,Butterfly
450,Creedence Clearwater Revival,Green River
451,Creedence Clearwater Revival,Bad Moon Rising
452,"Crosby, Stills and Nash",Just A Song Before I Go
453,"Crosby, Stills and Nash",Wasted On The Way
454,Crystal Gayle,Don't It Make My Brown Eyes Blue
455,Culture Club,Time
456,Culture Club,Miss Me Blind
457,Curtis Mayfield,Superfly
458,Cutting Crew,(I Just) Died In Your Arms
459,Cyndi Lauper,Change Of Heart
460,Cyndi Lauper,All Through The Night
461,Cyndi Lauper,True Colors
462,Cyndi Lauper,She Bop
463,Cypress Hill,Insane In The Brain
464,D.H.T.,Listen To Your Heart
465,D12,My Band
466,DJ Khaled,I'm On One
467,DJ Sammy,Heaven
468,DJ Snake,You Know You Like It
469,DMX,Party Up
470,Daddy Yankee,Rompe
471,Dan Fogelberg,Longer
472,Dan Fogelberg,Leader Of The Band
473,Dan Hartman,I Can Dream About You
474,Dan Hill,Can't We Try
475,Dan Hill,Sometimes When We Touch
476,Daniel Bedingfield,If You're Not The One
477,Daniel Bedingfield,Gotta Get Thru This
478,Danny Williams,White On White
479,Darius Rucker,Wagon Wheel
480,Daryl Hall and John Oates,Rich Girl
481,Daryl Hall and John Oates,You Make My Dreams
482,Daryl Hall and John Oates,Family Man
483,Daryl Hall and John Oates,Did It In A Minute
484,Daryl Hall and John Oates,Everything Your Heart Desires
485,Daryl Hall and John Oates,Adult Education
486,Daryl Hall and John Oates,One On One
487,Daryl Hall and John Oates,Private Eyes
488,Daughtry,Home
489,Daughtry,No Surprise
490,Dave Clark Five,Can't You See That She's Mine
491,Dave Clark Five,Glad All Over
492,Dave Clark Five,Because
493,Dave Clark Five,Bits And Pieces
494,Dave Clark Five,Catch Us If You Can
495,Dave Matthews Band,The Space Between
496,David Banner,Play
497,David Banner,Get Like Me
498,David Bowie,China Girl
499,David Bowie,Golden Years
500,David Cook,The Time Of My Life
501,David Guetta,Titanium
502,David Guetta,Hey Mama
503,David Guetta,Sexy Chick
504,David Guetta,Without You
505,David Guetta,Turn Me On
506,David Houston,Almost Persuaded
507,Dazz Band,Let It Whip
508,Dean Friedman,Ariel
509,Debarge,Rhythm Of The Night
510,Deep Blue Something,Breakfast At Tiffany's
511,Deep Purple,Smoke On The Water
512,Def Leppard,Love Bites
513,Def Leppard,Armageddon It
514,Del Amitri,Roll To Me
515,Del Shannon,Hats Off To Larry
516,Delbert McClinton,Giving It Up For Your Love
517,Delfonics,La-La Means I Love You
518,Dem Franchize Boyz,"Lean Wit It, Rock Wit It"
519,Demi Lovato,Heart Attack
520,Demi Lovato,Cool For The Summer
521,Demi Lovato,Give Your Heart A Break
522,Depeche Mode,Enjoy The Silence
523,Derek and The Dominos,Layla
524,Destiny's Child,Soldier
525,Destiny's Child,Survivor
526,Destiny's Child,Cater 2 U
527,Destiny's Child,Bootylicious
528,Destiny's Child,Lose My Breath
529,Diana King,Shy Guy
530,Diana Ross,Missing You
531,Diana Ross,It's My Turn
532,Diana Ross,Why Do Fools Fall In Love?
533,Diana Ross and The Supremes,Reflections
534,Diana Ross and The Supremes,Love Child
535,Digital Underground,The Humpty Dance
536,Dionne Warwick,(Theme From) Valley Of The Dolls
537,Dionne Warwick,Then Came You
538,Dionne Warwick,Walk On By
539,Dionne Warwick,Alfie
540,Dionne Warwick,Anyone Who Had A Heart
541,Dionne Warwick,This Girl's In Love With You
542,Dionne Warwick,I'll Never Love This Way Again
543,Dire Straits,Walk Of Life
544,Dire Straits,Sultans Of Swing
545,Disclosure,Latch
546,Divinyls,I Touch Myself
547,Dixie Chicks,Landslide
548,Dolly Parton,Here You Come Again
549,Don Henley,The Boys Of Summer
550,Don Henley,Dirty Laundry
551,Don Mclean,Crying
552,Donell Jones,U Know What's Up
553,Donny Osmond,Soldier Of Love
554,Donny Osmond,Sweet And Innocent
555,Donny Osmond,Puppy Love
556,Doors,Touch Me
557,Dottie West,What Are We Doin' In Love
558,Dr. Dre,Dre Day
559,Dr. Dre,Keep Their Heads Ringin'
560,Dr. Dre,I Need A Doctor
561,Dr. Dre,Forget About Dre
562,Dr. Hook,Better Love Next Time
563,Dr. Hook,Sexy Eyes
564,Dr. Hook,Only Sixteen
565,Dr. Hook,Sharing The Night Together
566,Dr. Hook,A Little Bit More
567,Dr. Hook and The Medicine Show,Sylvia's Mother
568,Dr. John,"Right Place, Wrong Time"
569,Dramatics,In The Rain
570,Dramatics,Whatcha See Is Whatcha Get
571,Dusty Springfield,You Don't Have To Say You Love Me
572,Dusty Springfield,Wishin' And Hopin'
573,E-40,U and Dat
574,"Earth, Wind and Fire",After The Love Has Gone
575,"Earth, Wind and Fire",That's The Way Of The World
576,"Earth, Wind and Fire",Sing A Song
577,"Earth, Wind and Fire",Boogie Wonderland
578,"Earth, Wind and Fire",Let's Groove
579,Echosmith,Cool Kids
580,Ed Sheeran,Photograph
581,Ed Sheeran,Sing
582,Ed Sheeran,Don't
583,Eddie Kendricks,Keep On Truckin'
584,Eddie Kendricks,Boogie Down
585,Eddie Money,Baby Hold On
586,Eddie Money,Think I'm In Love
587,Eddie Money,Take Me Home Tonight
588,Eddie Money,Walk On Water
589,Edison Lighthouse,Love Grows
590,Edwin McCain,I'll Be
591,Edwin Starr,Twenty-five Miles
592,Eiffel 65,Blue
593,El Debarge,Who's Johnny
594,Electric Light Orchestra,Evil Woman
595,Electric Light Orchestra,Shine A Little Love
596,Ellie Goulding,Burn
597,Elliott Yamin,Wait For You
598,Elton John,I'm Still Standing
599,Elton John,I Guess That's Why They Call It The Blues
600,Elton John,Mama Can't Buy You Love
601,Elton John,Rocket Man
602,Elton John,Daniel
603,Elton John,Lucy In The Sky With Diamonds
604,Elton John,Sad Songs
605,Elton John,Candle In The Wind
606,Elton John,The One
607,Elton John,I Don't Wanna Go On With You Like That
608,Elton John,Blue Eyes
609,Elton John,Believe
610,Elton John,Goodbye Yellow Brick Road
611,Elton John,Island Girl
612,Elvin Bishop,Fooled Around And Fell In Love
613,Elvis Presley,Way Down
614,Elvis Presley,(You're The) Devil In Disguise
615,Elvis Presley,In The Ghetto
616,Elvis Presley,Little Sister
617,Elvis Presley,Burning Love
618,Elvis Presley,(Marie's The Name) His Latest Flame
619,Elvis Presley,Can't Help Falling In Love
620,Elvis Presley,Surrender
621,Eminem,Shake That
622,Eminem,The Real Slim Shady
623,Eminem,Berzerk
624,Eminem,Not Afraid
625,Eminem,Cleanin' out my Closet
626,Eminem,Mockingbird
627,En Vogue,Giving Him Something He Can Feel
628,Engelbert Humperdinck,Release Me
629,Engelbert Humperdinck,After The Lovin'
630,England Dan and John Ford Coley,Love Is The Answer
631,Enigma,Return To Innocence
632,Enrique Iglesias,Be With You
633,Enrique Iglesias,Escape
634,Enrique Iglesias,Bailando
635,Enrique Iglesias,Bailamos
636,Enya,Only Time
637,Erasure,Always
638,Eric Burdon,Sky Pilot
639,Eric Carmen,All By Myself
640,Eric Church,Springsteen
641,Eric Clapton,I Can't Stand It
642,Erykah Badu,Bag Lady
643,Eurythmics,Would I Lie To You?
644,Eurythmics,Here Comes The Rain Again
645,"Evelyn ""Champagne"" King",Shame
646,Everclear,Wonderful
647,Everlast,What It's Like
648,Everly Brothers,So Sad
649,Everly Brothers,Let It Be Me
650,Everly Brothers,Walk Right Back
651,Everly Brothers,Crying In The Rain
652,Extreme,Hole Hearted
653,Eydie Gorme,Blame It On The Bossa Nova
654,Fabolous,Throw It In The Bag
655,Fabolous,Make Me Better
656,Fabolous,Into You
657,Fabolous,Can't Let You Go
658,Faith Evans,Love Like This
659,Faith Evans,I Love You
660,Faith Evans,All Night Long
661,Faith Hill,There You'll Be
662,Faith Hill,This Kiss
663,Fall Out Boy,"This Ain't A Scene, It's An Arms Race"
664,Fall Out Boy,"Sugar, We're Goin' Down"
665,Fall Out Boy,Thnks Fr Th Mmrs
666,Fall Out Boy,Uma Thurman
667,Fall Out Boy,Centuries
668,Fall Out Boy,"Dance, Dance"
669,Far East Movement,Like A G6
670,Fat Joe,Get It Poppin'
671,Fat Joe,Make It Rain
672,Fats Domino,Walking To New Orleans
673,Fergie,Clumsy
674,Ferlin Husky,Wings Of A Dove
675,Fetty Wap,My Way
676,Fifth Harmony,Worth It
677,Filter,Take A Picture
678,Fine Young Cannibals,Good Thing
679,Finger Eleven,One Thing
680,Firehouse,Love Of A Lifetime
681,Five,When The Lights Go Out
682,Fleetwood Mac,Say You Love Me
683,Fleetwood Mac,Hold Me
684,Fleetwood Mac,Dreams
685,Fleetwood Mac,Little Lies
686,Fleetwood Mac,Don't Stop
687,Flo Rida,Sugar
688,Flo Rida,I Cry
689,Flo Rida,G.D.F.R.
690,Flo Rida,In The Ayer
691,Flo Rida,Club Can't Handle Me
692,Florida Georgia Line,Dirt
693,Florida Georgia Line,This Is How We Roll
694,Foo Fighters,Best Of You
695,Foreigner,Cold As Ice
696,Foreigner,Hot Blooded
697,Foreigner,Say You Will
698,Foreigner,Feels Like The First Time
699,Foreigner,Urgent
700,Fort Minor,Where'd You Go
701,Four Tops,Still Water
702,Four Tops,Ain't No Woman
703,Four Tops,Baby I Need Your Loving
704,Foxy Brown,I'll Be
705,Frankie J,Don't Wanna Try
706,Frankie J,Obsession
707,Freda Payne,Bring The Boys Home
708,Friend and Lover,Reach Out Of The Darkness
709,Frijid Pink,House Of The Rising Sun
710,Game,Hate It Or Love It
711,"Gary ""U.S."" Bonds",School Is Out
712,"Gary ""U.S."" Bonds",Quarter To Three
713,Gary Lewis and The Playboys,Save Your Heart For Me
714,Gary Lewis and The Playboys,Count Me In
715,Gary U.S. Bonds,This Little Girl
716,Gary U.S. Bonds,Dear Lady Twist
717,Gavin DeGraw,I Don't Want To Be
718,Gavin DeGraw,Not Over You
719,Gene Chandler,Groovy Situation
720,Gene Pitney,The Man Who Shot Liberty Valance
721,Gene Pitney,It Hurts To Be In Love
722,George Benson,On Broadway
723,George Benson,This Masquerade
724,George Benson,Turn Your Love Around
725,George Harrison,Give Me Love
726,George Harrison,All Those Years Ago
727,George McCrae,Rock Your Baby
728,George Michael,Too Funky
729,George Michael,Father Figure
730,George Michael,Monkey
731,George Michael,Praying For Time
732,George Michael,Don't Let The Sun Go Down On Me
733,George Michael,Fastlove
734,George Michael,I Want Your Sex
735,Georgia Satellites,Keep Your Hands To Yourself
736,Georgie Fame,The Ballad Of Bonnie And Clyde
737,Gerry Rafferty,Baker Street
738,Gerry and The Pacemakers,Don't Let The Sun Catch You Crying
739,Gerry and The Pacemakers,Ferry Cross The Mersey
740,Gilbert O'Sullivan,Clair
741,Gilbert O'Sullivan,Get Down
742,Gin Blossoms,Found Out About You
743,Gina G,Ooh Aah... Just A Little Bit
744,Gino Vannelli,Living Inside Myself
745,Ginuwine,Differences
746,Ginuwine,Hell Yeah
747,Ginuwine,Pony
748,Ginuwine,In Those Jeans
749,Gladys Knight,Neither One Of Us
750,Gladys Knight and The Pips,On And On
751,Gladys Knight and The Pips,I've Got To Use My Imagination
752,Gladys Knight and The Pips,Best Thing That Ever Happened To Me
753,Gladys Knight and The Pips,Midnight Train To Georgia
754,Glen Campbell,Galveston
755,Glenn Frey,You Belong To The City
756,Gloria Estefan,Here We Are
757,Gloria Estefan,Coming Out Of The Dark
758,Gloria Estefan and Miami Sound Machine,Rhythm Is Gonna Get You
759,Gloria Gaynor,Never Can Say Goodbye
760,Go West,King Of Wishful Thinking
761,Go-Go's,We Got The Beat
762,Go-Go's,Our Lips Are Sealed
763,Golden Earring,Radar Love
764,Goo Goo Dolls,Name
765,Goo Goo Dolls,Black Balloon
766,Gordon Lightfoot,If You Could Read My Mind
767,Gordon Lightfoot,Sundown
768,Gorillaz,Feel Good Inc
769,Grand Funk,Some Kind Of Wonderful
770,Grand Funk,Bad Time
771,Grand Funk Railroad,We're An American Band
772,Great White,"Once Bitten, Twice Shy"
773,Green Day,Wake Me Up When September Ends
774,Green Day,Holiday
775,Guns N' Roses,Patience
776,Guns N' Roses,Welcome To The Jungle
777,Gwen Stefani,Rich Girl
778,Gym Class Heroes,Ass Back Home
779,Haddaway,What Is Love
780,Hanson,I Will Come To You
781,Harry Chapin,Cat's In The Cradle
782,Heart,These Dreams
783,Heart,Barracuda
784,Heights,How Do You Talk To An Angel
785,Helen Reddy,You And Me Against The World
786,Helen Reddy,Angie Baby
787,Helen Reddy,You're My World
788,Helen Reddy,I Don't Know How To Love Him
789,Henry Mancini,Days Of Wine And Roses
790,Henry Mancini,Moon River
791,Herman's Hermits,"I'm Henry VIII, I Am"
792,Herman's Hermits,There's A Kind Of Hush
793,Herman's Hermits,Wonderful World
794,Hinder,Lips of an Angel
795,Hinder,Lips Of An Angel
796,Hollies,Long Cool Woman
797,Hollies,"He Ain't Heavy, He's My Brother"
798,Hollies,On A Carousel
799,Hollies,Bus Stop
800,Hollies,Carrie Ann
801,Hollies,The Air That I Breathe
802,Hootie and The Blowfish,Let Her Cry
803,Hootie and The Blowfish,Only Wanna Be With You
804,Hootie and The Blowfish,Time
805,Hot Chocolate,Every 1's A Winner
806,House Of Pain,Jump Around
807,Howard Jones,No One Is To Blame
808,Howard Jones,Things Can Only Get Better
809,Howie Day,Collide
810,Hues Corporation,Rock The Boat
811,Huey Lewis and The News,Hip To Be Square
812,Huey Lewis and The News,If This Is It
813,Huey Lewis and The News,Jacob's Ladder
814,Huey Lewis and The News,Do You Believe In Love
815,Huey Lewis and The News,I Want A New Drug
816,Huey Lewis and The News,Perfect World
817,Human League,Human
818,Human League,(Keep Feeling) Fascination
819,INXS,Devil Inside
820,INXS,New Sensation
821,INXS,What You Need
822,Icona Pop,I Love It
823,Iggy Azalea,Black Widow
824,Ike and Tina Turner,Proud Mary
825,Ike and Tina Turner,It's Gonna Work Out Fine
826,Imagine Dragons,It's Time
827,Information Society,What's On Your Mind
828,Inner Circle,Bad Boys
829,Irene Cara,Breakdance
830,Irene Cara,Fame
831,Isaac Hayes,Don't Let Go
832,Isley Brothers,Twist And Shout
833,J. Cole,Work Out
834,J. Cole,Power Trip
835,J. Holiday,Bed
836,J. Holiday,Suffocate
837,Ja Rule,Put It On Me
838,Ja Rule,Mesmerize
839,Jackie DeShannon,Put A Little Love In Your Heart
840,Jackie DeShannon,What The World Needs Now Is Love
841,Jackie Wilson,Night
842,Jackie Wilson,Baby Workout
843,Jackie Wilson,(Your Love Keeps Lifting Me) Higher And Higher
844,Jackson 5,I Want You Back
845,Jackson 5,Never Can Say Goodbye
846,Jackson Browne,Somebody's Baby
847,Jadakiss,Why?
848,Jade,Every Day Of The Week
849,Jagged Edge,He Can't Love U
850,Jagged Edge,Promise
851,Jagged Edge,Let's Get Married
852,James Brown,I Got The Feelin'
853,James Brown,Papa's Got A Brand New Bag
854,James Brown,Mother Popcorn
855,James Brown,Living In America
856,James Taylor,How Sweet It Is
857,James Taylor,Handy Man
858,James Taylor,Fire And Rain
859,Jamie Foxx,Unpredictable
860,Janet Jackson,Because Of Love
861,Janet Jackson,Come Back To Me
862,Janet Jackson,Nasty
863,Janet Jackson,Black Cat
864,Janet Jackson,Control
865,Janet Jackson,Let's Wait Awhile
866,Janet Jackson,Rhythm Nation
867,Janet Jackson,What Have You Done For Me Lately
868,Janet Jackson,Alright
869,Janet Jackson,When I Think Of You
870,Jason Aldean,Burnin' It Down
871,Jason Aldean,Dirt Road Anthem
872,Jason DeRulo,Whatcha Say
873,Jason Derulo,The Other Side
874,Jason Derulo,Trumpets
875,Jason Derulo,Wiggle
876,Jason Derulo,Ridin' Solo
877,Jason Derulo,Whatcha Say
878,Jason Mraz,I Won't Give Up
879,Jason Mraz,The Remedy
880,Jay Ferguson,Thunder Island
881,Jay Sean,Do You Remember
882,Jay and The Americans,This Magic Moment
883,Jay and The Americans,She Cried
884,Jay and The Americans,Come A Little Bit Closer
885,Jay-Z,Young Forever
886,Jay-Z,Big Pimpin'
887,Jay-Z,Excuse Me Miss
888,Jay-Z,Izzo
889,Jay-Z,Can I Get A...
890,Jay-Z,I Just Wanna Love U
891,Jeff Healey Band,Angel Eyes
892,Jefferson Airplane,Somebody To Love
893,Jefferson Starship,Count On Me
894,Jennifer Lopez,Jenny from the Block
895,Jennifer Lopez,I'm Gonna Be Alright
896,Jennifer Lopez,Love Don't Cost A Thing
897,Jennifer Lopez,Play
898,Jennifer Warnes,Right Time Of The Night
899,Jeremih,Don't Tell 'Em
900,Jeremih,Birthday Sex
901,Jermaine Jackson,Let's Get Serious
902,Jermaine Jackson,Daddy's Home
903,Jesse McCartney,Leavin'
904,Jessica Simpson,I Wanna Love You Forever
905,Jessica Simpson,With You
906,Jessica Simpson,Irresistible
907,Jessie J,Domino
908,"Jessie J, Ariana Grande & Nicki Minaj",Bang Bang
909,Jim Croce,You Don't Mess Around With Jim
910,Jim Croce,Time In A Bottle
911,Jim Jones,We Fly High
912,Jimmy Clanton,Go Jimmy Go
913,Jimmy Cliff,I Can See Clearly Now
914,Jimmy Ray,Are You Jimmy Ray?
915,Jo Dee Messina,That's The Way
916,Joan Osborne,One Of Us
917,Jodeci,Freek'n You
918,Jodeci,Cry For You
919,Jody Watley,Don't You Want Me
920,Jody Watley,Real Love
921,Jody Watley,Everything
922,Joe Cocker and Jennifer Warnes,Up Where We Belong
923,Joe Henderson,Snap Your Fingers
924,John Cougar Mellencamp,Small Town
925,John Denver,Annie's Song
926,John Denver,Rocky Mountain High
927,John Lennon,Instant Karma
928,John Mellencamp,Key West Intermezzo
929,John Sebastian,Welcome Back
930,John Stewart,Gold
931,John Travolta,Summer Nights
932,John Travolta,Let Her In
933,Johnnie Taylor,I Believe In You
934,Johnny Bristol,Hang On In There Baby
935,Johnny Cash,A Boy Named Sue
936,Johnny Gill,Rub You The Right Way
937,Johnny Hates Jazz,Shattered Dreams
938,Johnny Horton,Sink The Bismark
939,Johnny Mathis,"Too Much, Too Little, Too Late"
940,Johnny Nash,Hold Me Tight
941,Johnny Nash,I Can See Clearly Now
942,Johnny Rivers,Seventh Son
943,Johnny Rivers,Memphis
944,Johnny Rivers,Swayin' To The Music
945,Johnny Rivers,Secret Agent Man
946,Johnny Tillotson,Without You
947,Jon B.,Someone To Love
948,Jon B.,They Don't Know
949,Jon Secada,Do You Believe In Us
950,Jon Secada,If You Go
951,Jon Secada,Angel
952,Jonas Brothers,Burnin' Up
953,Jonathan Edwards,Sunshine
954,Joni Mitchell,Help Me
955,Jordin Sparks,Tattoo
956,Jordin Sparks,One Step at A Time
957,Jordin Sparks,Battlefield
958,Jose Feliciano,Light My Fire
959,Journey,Don't Stop Believin'
960,Journey,Separate Ways
961,Journey,Who's Crying Now
962,Journey,When You Love A Woman
963,Journey,Open Arms
964,Julio Iglesias,To All The Girls I've Loved Before
965,Junior M.A.F.I.A.,Player's Anthem
966,Justin Bieber,Boyfriend
967,Justin Bieber,As Long as You Love Me
968,Justin Bieber,Baby
969,Justin Bieber,Beauty And A Beat
970,Justin Bieber,What Do You Mean?
971,Justin Timberlake,Not A Bad Thing
972,Justin Timberlake,Rock Your Body
973,Justin Timberlake,Summer Love
974,Justin Timberlake,Cry Me A River
975,K.C. and The Sunshine Band,Get Down Tonight
976,K.C. and The Sunshine Band,"(Shake, Shake, Shake) Shake Your Booty"
977,K.P. and Envyi,Swing My Way
978,KLF,3 A.M. Eternal
979,Kajagoogoo,Too Shy
980,Kansas,Carry On Wayward Son
981,Kansas,Dust In The Wind
982,Kanye West,Jesus Walks
983,Kanye West,Love Lockdown
984,Kanye West,Stronger
985,Kanye West,Through the Wire
986,Kanye West,All Falls Down
987,Kanye West,All Of The Lights
988,Kardinal Offishall,Dangerous
989,Karla Bonoff,Personally
990,Katy Perry,Part Of Me
991,Katy Perry,Waking Up In Vegas
992,Katy Perry,The One That Got Away
993,Katy Perry,Hot N Cold
994,Katy Perry,Hot n Cold
995,Ke$Ha,Blow
996,Ke$Ha,We R Who We R
997,Ke$ha,Blah Blah Blah
998,Ke$ha,Die Young
999,Ke$ha,Take It Off
1000,Ke$ha,Your Love Is My Drug
1001,Keith Sweat,I Want Her
1002,Kelis,Bossy
1003,Kelis,Milkshake
1004,Kelly Clarkson,My Life Would Suck Without You
1005,Kelly Clarkson,Walk Away
1006,Kelly Clarkson,A Moment Like This
1007,Kelly Clarkson,Catch My Breath
1008,Kelly Clarkson,Already Gone
1009,Kelly Clarkson,Never Again
1010,Kelly Clarkson,Miss Independent
1011,Kelly Clarkson,Because Of You
1012,Kelly Price,Friend Of Mine
1013,Kelly Rowland,Motivation
1014,Kenny Chesney,American Kids
1015,Kenny Loggins,Heart To Heart
1016,Kenny Loggins,Danger Zone
1017,Kenny Loggins,This Is It
1018,Kenny Rogers,Coward Of The County
1019,Kenny Rogers,Don't Fall In Love With A Dreamer
1020,Kenny Rogers,She Believes In Me
1021,Kenny Rogers,We've Got Tonight
1022,Kenny Rogers,The Gambler
1023,Kenny Rogers,Something's Burning
1024,Kenny Rogers,I Don't Need You
1025,Kenny Rogers,Love Will Turn You Around
1026,Kenny Rogers,Lucille
1027,Kenny Rogers,Islands In The Stream
1028,Keri Hilson,Pretty Girl Rock
1029,Kevin Lyttle,Turn Me On
1030,Keyshia Cole,Let It Go
1031,Kid Cudi,Day 'n' Nite
1032,Kid Ink,Show Me
1033,Kid Rock,Only God Knows Why
1034,Kim Carnes,More Love
1035,Kim Wilde,You Keep Me Hangin' On
1036,Kinks,All Day And All Of The Night
1037,Kinks,Lola
1038,Kinks,Come Dancing
1039,Kinks,Tired Of Waiting For You
1040,Kiss,I Was Made For Lovin' You
1041,Kool and The Gang,Too Hot
1042,Kool and The Gang,Joanna
1043,Kool and The Gang,Hollywood Swinging
1044,Kool and The Gang,Misled
1045,Kris Allen,Live Like We're Dying
1046,Kris Kross,Warm It Up
1047,Kris Kross,Tonite's Tha Night
1048,Kylie Minogue,The Loco-Motion
1049,Kylie Minogue,Can't Get You Out Of My Head
1050,LL Cool J,Luv U Better
1051,LL Cool J,Headsprung
1052,LL Cool J,Doin It
1053,LL Cool J,Around The Way Girl
1054,Lady Antebellum,Just A Kiss
1055,Lady Gaga,Applause
1056,Lady Gaga,The Edge Of Glory
1057,Lady Gaga,Alejandro
1058,Lady Gaga,Lovegame
1059,Lady Gaga,Paparazzi
1060,Lady Gaga,You And I
1061,Lana Del Rey,Summertime Sadness
1062,Laura Branigan,How Am I Supposed To Live Without You
1063,Laura Branigan,Gloria
1064,Laura Branigan,Solitaire
1065,Lauryn Hill,Doo Wop
1066,Lauryn Hill,Ex-Factor
1067,LeAnn Rimes,I Need You
1068,LeAnn Rimes,Can't Fight the Moonlight
1069,LeAnn Rimes,Looking Through Your Eyes
1070,Lee Ann Womack,I Hope You Dance
1071,Lee Dorsey,Ya Ya
1072,Left Banke,Walk Away Renee
1073,Lemon Pipers,Green Tambourine
1074,Lenny Kravitz,Fly Away
1075,Lenny Kravitz,It Ain't Over 'Til It's Over
1076,Leo Sayer,When I Need You
1077,Leo Sayer,More Than I Can Say
1078,Leona Lewis,Better In Time
1079,Lesley Gore,California Nights
1080,Lesley Gore,You Don't Own Me
1081,Lesley Gore,It's My Party
1082,Level 42,Something About You
1083,Lil Jon,Snap Yo Fingers
1084,Lil Jon,Lovers And Friends
1085,Lil Wayne,A Milli
1086,Lil Wayne,How To Love
1087,Lil Wayne,6 Foot 7 Foot
1088,Lil Wayne,Got Money
1089,Lil Wayne,Love Me
1090,Lil' Flip,Game Over
1091,Lil' Kim,The Jump Off
1092,Lil' Kim,Not Tonight
1093,Linda Ronstadt,You're No Good
1094,Linda Ronstadt,Blue Bayou
1095,Linda Ronstadt,Somewhere Out There
1096,Linda Ronstadt,When Will I Be Loved
1097,Linda Ronstadt,How Do I Make You
1098,Lindsey Buckingham,Trouble
1099,Linkin Park,What I've Done
1100,Linkin Park,New Divide
1101,Linkin Park,Shadow Of The Day
1102,Linkin Park,Numb
1103,Lionel Richie,My Love
1104,Lionel Richie,Stuck On You
1105,Lionel Richie,You Are
1106,Lionel Richie,Dancing On The Ceiling
1107,Lionel Richie,Truly
1108,Lionel Richie,Running With The Night
1109,Lisa Loeb,I Do
1110,Little Big Town,Pontoon
1111,Little Big Town,Girl Crush
1112,Little River Band,Lonesome Loser
1113,Little River Band,Cool Change
1114,Little River Band,Reminiscing
1115,Little River Band,The Other Guy
1116,Little River Band,Take It Easy On Me
1117,Little River Band,Lady
1118,Loggins and Messina,Your Mama Don't Dance
1119,Los Lonely Boys,Heaven
1120,Lou Bega,Mambo No. 5
1121,Lou Christie,Two Faces Have I
1122,Lou Christie,Lightnin' Strikes
1123,Lou Christie,I'm Gonna Make You Mine
1124,Lou Gramm,Just Between You And Me
1125,Lou Rawls,You'll Never Find Another Love Like Mine
1126,Love and Rockets,So Alive
1127,Lovin' Spoonful,Daydream
1128,Lovin' Spoonful,Did You Ever Have To Make Up Your Mind?
1129,Ludacris,Money Maker
1130,Ludacris,Runaway Love
1131,Ludacris,How Low
1132,Ludacris,Splash Waterfalls
1133,Ludacris,My Chick Bad
1134,Ludacris,Move Bitch
1135,Ludacris,Stand Up
1136,Ludacris,Pimpin' All Over the World
1137,Luke Bryan,Crash My Party
1138,Luke Bryan,Drunk On You
1139,Luke Bryan,Play It Again
1140,Lumidee,"Never Leave You - Uh Ooh, Uh Oooh!"
1141,Luniz,I Got 5 On It
1142,Lupe Fiasco,Superstar
1143,Lupe Fiasco,The Show Goes On
1144,Luther Vandross,The Best Things In Life Are Free
1145,Luther Vandross,Endless Love
1146,Luther Vandross,Here And Now
1147,Lynn Anderson,Rose Garden
1148,Lynyrd Skynyrd,What's Your Name
1149,M.C. Hammer,Have You Seen Her
1150,M.C. Hammer,U Can't Touch This
1151,Macklemore,Same Love
1152,Macy Gray,I Try
1153,Madonna,Open Your Heart
1154,Madonna,Papa Don't Preach
1155,Madonna,Causing A Commotion
1156,Madonna,Lucky Star
1157,Madonna,Frozen
1158,Madonna,Express Yourself
1159,Madonna,Deeper And Deeper
1160,Madonna,Borderline
1161,Madonna,Secret
1162,Madonna,Material Girl
1163,Madonna,4 Minutes
1164,Madonna,La Isla Bonita
1165,Madonna,Cherish
1166,Madonna,Don't Tell Me
1167,Madonna,You'll See
1168,Madonna,Live To Tell
1169,Madonna,Who's That Girl
1170,Madonna,Rain
1171,Madonna,Like A Prayer
1172,Mama Cass Elliot,It's Getting Better
1173,Manhattan Transfer,Boy From New York City
1174,Marcy Playground,Sex And Candy
1175,Mariah Carey,I Don't Wanna Cry
1176,Mariah Carey,Can't Let Go
1177,Mariah Carey,Love Takes Time
1178,Mariah Carey,Honey
1179,Mariah Carey,Anytime You Need A Friend
1180,Mariah Carey,I Still Believe
1181,Mariah Carey,Don't Forget About Us
1182,Mariah Carey,Thank God I Found You
1183,Mariah Carey,Make It Happen
1184,Mariah Carey,Heartbreaker
1185,Mariah Carey,It's Like That
1186,Mariah Carey,Obsessed
1187,Mark Chesnutt,I Don't Want To Miss A Thing
1188,Marky Mark And The Funky Bunch,Wildside
1189,Marmalade,Reflections Of My Life
1190,Maroon 5,She Will Be Loved
1191,Maroon 5,Animals
1192,Maroon 5,Maps
1193,Maroon 5,Love Somebody
1194,Maroon 5,Misery
1195,Maroon 5,Daylight
1196,Maroon 5,She Will be Loved
1197,Marshall Tucker Band,Heard It In A Love Song
1198,Martha and The Vandellas,Nowhere To Run
1199,Martin Garrix,Animals
1200,Marty Robbins,Don't Worry
1201,Marvin Gaye,Mercy Mercy Me
1202,Marvin Gaye,Pride And Joy
1203,Marvin Gaye,Sexual Healing
1204,Marvin Gaye,That's The Way Love Is
1205,Marvin Gaye,I'll Be Doggone
1206,Marvin Gaye and Tammi Terrell,Your Precious Love
1207,Marvin Gaye and Tammi Terrell,Ain't Nothing Like The Real Thing
1208,Mary Hopkin,Those Were The Days
1209,Mary J. Blige,Not Gon' Cry
1210,Mary J. Blige,Real Love
1211,Mary J. Blige,Rainy Dayz
1212,Mary Jane Girls,In My House
1213,Mary Wells,You Beat Me To The Punch
1214,Matchbox 20,Back 2 Good
1215,Maureen McGovern,The Morning After
1216,Maxine Nightingale,Lead Me On
1217,Maxine Nightingale,Right Back Where We Started From
1218,Maxwell,Fortunate
1219,Mc Lyte,Cold Rock A Party
1220,McFadden and Whitehead,Ain't No Stoppin' Us Now
1221,Meat Loaf,Two Out Of Three Ain't Bad
1222,Meat Loaf,Rock And Roll Dreams Come Through
1223,Meek Mill,All Eyes On You
1224,Meghan Trainor,Dear Future Husband
1225,Melissa Etheridge,I'm The Only One
1226,Melissa Etheridge,Come To My Window
1227,Men At Work,Overkill
1228,Men At Work,Who Can It Be Now?
1229,Men Without Hats,The Safety Dance
1230,Metro Station,Shake It
1231,Miami Sound Machine,Conga
1232,Miami Sound Machine,Words Get In The Way
1233,Michael Bolton,How Can We Be Lovers
1234,Michael Bolton,Said I Loved You...But I Lied
1235,Michael Bolton,"Time, Love And Tenderness"
1236,Michael Bolton,Love Is A Wonderful Thing
1237,Michael Bolton,When A Man Loves A Woman
1238,Michael Buble,Haven't Met You Yet
1239,Michael Jackson,Bad
1240,Michael Jackson,Butterflies
1241,Michael Jackson,In The Closet
1242,Michael Jackson,Dirty Diana
1243,Michael Jackson,The Girl Is Mine
1244,Michael Jackson,She's Out Of My Life
1245,Michael Jackson,Wanna Be Startin' Somethin'
1246,Michael Jackson,Rockin' Robin
1247,Michael Jackson,Will You Be There
1248,Michael Jackson,The Way You Make Me Feel
1249,Michael Jackson,I Just Can't Stop Loving You
1250,Miley Cyrus,See You Again
1251,Miley Cyrus,Party in the U.S.A.
1252,Miley Cyrus,Party In The U.S.A.
1253,Milli Vanilli,Baby Don't Forget My Number
1254,Mint Condition,Breakin' My Heart
1255,Missy Elliott,Hot Boyz
1256,Moby,South Side
1257,Mocedades,Eres Tu
1258,Monkees,Pleasant Valley Sunday
1259,Montell Jordan,Get It On Tonite
1260,Montell Jordan,Let's Ride
1261,Moody Blues,Go Now
1262,Moody Blues,Nights In White Satin
1263,Motels,Only The Lonely
1264,Mumford and Sons,I Will Wait
1265,Mungo Jerry,In The Summertime
1266,Murray Head,Superstar
1267,Murray Head,One Night In Bangkok
1268,Musiq Soulchild,Love
1269,My Chemical Romance,Welcome To The Black Parade
1270,Mystikal,Shake Ya Ass
1271,Mystikal,Danger
1272,Nas,I Can
1273,Nat King Cole,Ramblin' Rose
1274,Nat King Cole,Those Lazy Hazy Crazy Days Of Summer
1275,Natalie Cole,Our Love
1276,Natalie Cole,Miss You Like Crazy
1277,Natalie Cole,I've Got Love On My Mind
1278,Natalie La Rose,Somebody
1279,Natalie Merchant,Carnival
1280,Natalie Merchant,Wonder
1281,Natasha Bedingfield,Love Like This
1282,Naughty By Nature,Hip Hop Hooray
1283,Naughty By Nature,Feel Me Flow
1284,Nazareth,Love Hurts
1285,Ne-Yo,Miss Independent
1286,Ne-Yo,Sexy Love
1287,Ne-Yo,Mad
1288,Ne-Yo,Because Of You
1289,Neil Diamond,Hello Again
1290,Neil Diamond,Song Sung Blue
1291,Neil Diamond,America
1292,Neil Diamond,Love On The Rocks
1293,Neil Sedaka,Calendar Girl
1294,Nelly Furtado,Turn Off The Light
1295,Nelly Furtado,I'm Like A Bird
1296,Nelson,(Can't Live Without Your) Love And Affection
1297,Nelson,After The Rain
1298,Nena,99 Luftballons
1299,Neneh Cherry,Buffalo Stance
1300,Neon Trees,Animal
1301,New Boyz,Tie Me Down
1302,New Christy Minstrels,Today
1303,New Edition,If It Isn't Love
1304,New Edition,I'm Still In Love With You
1305,New Edition,Cool It Now
1306,New Kids On The Block,Hangin' Tough
1307,New Kids On The Block,Step By Step
1308,New Kids On The Block,Cover Girl
1309,New Kids On The Block,You Got It
1310,New Kids On The Block,I'll Be Loving You
1311,Nickelback,Gotta Be Somebody
1312,Nickelback,Savin' Me
1313,Nickelback,If Everyone Cared
1314,Nickelback,Far Away
1315,Nickelback,Rockstar
1316,Nickelback,If Today Was Your Last Day
1317,Nicki Minaj,Truffle Butter
1318,Nicki Minaj,Moment 4 Life
1319,Nicki Minaj,Only
1320,Nicki Minaj,Anaconda
1321,Nicki Minaj,Your Love
1322,Night Ranger,Sister Christian
1323,Nirvana,Smells Like Teen Spirit
1324,Nitty Gritty Dirt Band,Mr. Bojangles
1325,Nivea,Don't Mess With My Man
1326,No Doubt,Underneath it All
1327,No Doubt,Hey Baby
1328,No Doubt,Just A Girl
1329,No Doubt,Underneath It All
1330,No Doubt,It's My Life
1331,Notorious B.I.G.,Hypnotize
1332,Nu Shooz,I Can't Wait
1333,O'Jays,Back Stabbers
1334,O'Jays,I Love Music
1335,O'Jays,Put Your Hands Together
1336,O'Jays,Love Train
1337,O'Jays,Use Ta Be My Girl
1338,Oak Ridge Boys,Elvira
1339,Of Monsters And Men,Little Talks
1340,Ohio Players,Love Rollercoaster
1341,Ohio Players,Fire
1342,Oliver,Good Morning Starshine
1343,Oliver,Jean
1344,Olivia Newton-John,Have You Never Been Mellow
1345,Olivia Newton-John,Hopelessly Devoted To You
1346,Olivia Newton-John,If You Love Me
1347,Olivia Newton-John,Twist Of Fate
1348,Olivia Newton-John,Let Me Be There
1349,Olivia Newton-John,Please Mr Please
1350,Omarion,Ice Box
1351,Omarion,Post To Be
1352,One Direction,Story Of My Life
1353,One Direction,Best Song Ever
1354,One Direction,Drag Me Down
1355,OneRepublic,Good Life
1356,OneRepublic,All The Right Moves
1357,OneRepublic,Stop And Stare
1358,OneRepublic,Love Runs Out
1359,Onyx,Slam
1360,Orchestral Manoeuvres In The Dark,If You Leave
1361,Orianthi,According To You
1362,Orleans,Dance With Me
1363,Osmonds,Down By The Lazy River
1364,Osmonds,Yo-yo
1365,OutKast,Roses
1366,OutKast,The Whole World
1367,Outkast,Ms. Jackson
1368,Owl City,Good Time
1369,P.M. Dawn,Looking Through Patient Eyes
1370,P.M. Dawn,I'd Die Without You
1371,P.M. Dawn,Set Adrift On Memory Bliss
1372,Papa Roach,Scars
1373,Paper Lace,The Night Chicago Died
1374,Pat Benatar,Hit Me With Your Best Shot
1375,Pat Benatar,Love Is A Battlefield
1376,Pat Benatar,We Belong
1377,Pat Boone,Speedy Gonzales
1378,Pat Boone,Moody River
1379,Patti Smith,Because The Night
1380,Paul Anka,(You're) Having My Baby
1381,Paul Anka,Puppy Love
1382,Paul Anka,It's Time To Cry
1383,Paul Anka,Times Of Your Life
1384,Paul Anka,I Don't Like To Sleep Alone
1385,Paul McCartney,No More Lonely Nights
1386,Paul McCartney,Take It Away
1387,Paul Simon,Loves Me Like A Rock
1388,Paul Simon,Mother And Child Reunion
1389,Paul Simon,Kodachrome
1390,Paul Simon,Slip Slidin' Away
1391,Paula Abdul,The Promise Of A New Day
1392,Paula Abdul,Forever Your Girl
1393,Paula Abdul,Blowing Kisses In The Wind
1394,Paula Cole,Where Have All The Cowboys Gone?
1395,Peabo Bryson,If Ever You're In My Arms Again
1396,Pearl Jam,Last Kiss
1397,Pebbles,Giving You The Benefit
1398,Pebbles,Girlfriend
1399,Pebbles,Mercedes Boy
1400,Percy Sledge,Take Time To Know Her
1401,Pet Shop Boys,What Have I Done To Deserve This?
1402,Pete Townshend,Let My Love Open The Door
1403,Peter Cetera,The Next Time I Fall
1404,Peter Cetera,One Good Woman
1405,Peter Frampton,I'm In You
1406,Peter Frampton,Show Me The Way
1407,Peter Gabriel,Sledgehammer
1408,Peter and Gordon,A World Without Love
1409,Peter and Gordon,Lady Godiva
1410,Petula Clark,This Is My Song
1411,Petula Clark,I Know A Place
1412,Pharrell Williams,Frontin'
1413,Phil Collins,I Wish It Would Rain Down
1414,Phil Collins,Sussudio
1415,Phil Collins,A Groovy Kind Of Love
1416,Phil Collins,Separate Lives
1417,Phil Collins,Don't Lose My Number
1418,Phil Collins,Do You Remember
1419,Phil Collins,One More Night
1420,Phil Collins,You Can't Hurry Love
1421,Phil Collins,Something Happened On The Way To Heaven
1422,Phillip Phillips,"Gone, Gone, Gone"
1423,Phillip Phillips,Home
1424,Phoebe Snow,Poetry Man
1425,Pitbull,Feel This Moment
1426,Pitbull,Back In Time
1427,Pitbull,Hotel Room Service
1428,Pitbull,Time Of Our Lives
1429,Pitbull,International Love
1430,Pitbull,Hey Baby
1431,Player,This Time I'm In It For Love
1432,Plies,Shawty
1433,Plies,Bust It Baby Part 2
1434,Pointer Sisters,Neutron Dance
1435,Pointer Sisters,Automatic
1436,Poison,Unskinny Bop
1437,Police,Don't Stand So Close To Me
1438,Pretenders,Back On The Chain Gang
1439,Pretenders,Brass In Pocket
1440,Pretty Ricky,Grind With Me
1441,Pretty Ricky,Your Body
1442,Procol Harum,A Whiter Shade Of Pale
1443,Puddle Of Mudd,She Hates Me
1444,Puff Daddy,Victory
1445,Pure Prairie League,Let Me Love You Tonight
1446,Pussycat Dolls,I Hate This Part
1447,Pussycat Dolls,Stickwitu
1448,Pussycat Dolls,When I Grow Up
1449,Quiet Riot,Cum On Feel The Noize
1450,R. Dean Taylor,Indiana Wants Me
1451,R. Kelly,Fiesta
1452,R. Kelly,I Can't Sleep Baby
1453,R. Kelly,Gotham City
1454,R. Kelly,Thoia Thoing
1455,R. Kelly,Your Body's Callin'
1456,R. Kelly,Step In The Name Of Love
1457,R. Kelly,Down Low
1458,REO Speedwagon,Take It On The Run
1459,REO Speedwagon,Keep The Fire Burnin'
1460,Rae Sremmurd,No Type
1461,Randy,Denise
1462,Randy Newman,Short People
1463,Rare Earth,I Just Want To Celebrate
1464,Rare Earth,(I Know) I'm Losing You
1465,Rascal Flatts,What Hurts the Most
1466,Ray Charles,Crying Time
1467,Ray Charles,Busted
1468,Ray Charles,You Don't Know Me
1469,Ray Charles,One Mint Julep
1470,Ray J,One Wish
1471,Ray Parker Jr.,The Other Woman
1472,Ray Stevens,Ahab The Arab
1473,Ray Stevens,Gitarzan
1474,Raydio,You Can't Change That
1475,Raydio,Jack And Jill
1476,Ready For The World,Oh Sheila
1477,Red Hot Chili Peppers,Dani California
1478,Red Hot Chili Peppers,Otherside
1479,Red Hot Chili Peppers,Scar Tissue
1480,Rich Homie Quan,Flex
1481,Richard Harris,MacArthur Park
1482,Richard Marx,Endless Summer Nights
1483,Richard Marx,Now And Forever
1484,Richard Marx,Should've Known Better
1485,Richard Marx,Hold On To The Nights
1486,Richard Marx,Hazard
1487,Richard Marx,Satisfied
1488,Richard Marx,Don't Mean Nothing
1489,Rick Astley,Together Forever
1490,Rick Astley,Cry For Help
1491,Rick Springfield,Love Somebody
1492,Rick Springfield,Affair Of The Heart
1493,Rickie Lee Jones,Chuck E's In Love
1494,Ricky Martin,Nobody Wants To Be Lonely
1495,Ricky Martin,She's All I Ever Had
1496,Ricky Nelson,Hello Mary Lou
1497,Ricky Nelson,Travelin' Man
1498,Rihanna,Hard
1499,Rihanna,Unfaithful
1500,Rihanna,Hate That I Love You
1501,Rihanna,Pour It Up
1502,Ringo Starr,You're Sixteen
1503,Ringo Starr,It Don't Come Easy
1504,Ringo Starr,Oh My My
1505,Rixton,Me And My Broken Heart
1506,Robbie Dupree,Steal Away
1507,Robert Palmer,I Didn't Mean To Turn You On
1508,Robert Palmer,Simply Irresistible
1509,Robert Palmer,Every Kinda People
1510,Roberta Flack,Feel Like Makin' Love
1511,Roberta Flack,Where Is The Love
1512,Roberta Flack,Making Love
1513,Roberta Flack,The Closer I Get To You
1514,Robin Thicke,Lost Without U
1515,Rockwell,Somebody's Watching Me
1516,Rod Stewart,My Heart Can't Tell You No
1517,Rod Stewart,Young Turks
1518,Rod Stewart,Rhythm Of My Heart
1519,Rod Stewart,Passion
1520,Rod Stewart,Downtown Train
1521,Rod Stewart,You're In My Heart
1522,Rod Stewart,Have I Told You Lately
1523,Rod Stewart,Infatuation
1524,Rolling Stones,19th Nervous Breakdown
1525,Rolling Stones,Emotional Rescue
1526,Rolling Stones,Ruby Tuesday
1527,Rolling Stones,Jumpin' Jack Flash
1528,Ronettes,Be My Baby
1529,Ronnie Milsap,It Was Almost Like A Song
1530,Rose Royce,Car Wash
1531,Roxette,Joyride
1532,Roxette,Dangerous
1533,Roxette,Fading Like A Flower
1534,Roy Orbison,In Dreams
1535,Roy Orbison,Dream Baby
1536,Roy Orbison,Mean Woman Blues
1537,Roy Orbison,It's Over
1538,Ruben Studdard,Sorry 2004
1539,Rufus Thomas,Walking The Dog
1540,S Club 7,Never Had A Dream Come True
1541,SWV,You're The One
1542,Sade,The Sweetest Taboo
1543,Sade,Smooth Operator
1544,Salt-N-Pepa,Shoop
1545,Sam Cooke,Having A Party
1546,Sam Cooke,Chain Gang
1547,Sam Cooke,Little Red Rooster
1548,Sam Cooke,Twistin' The Night Away
1549,Sam Cooke,Shake
1550,Sam Smith,I'm Not The Only One
1551,Sam and Dave,I Thank You
1552,Sammy Davis Jr.,I've Gotta Be Me
1553,Sara Bareilles,Brave
1554,Sarah McLachlan,Building A Mystery
1555,Sarah McLachlan,I Will Remember You
1556,Scott Mckenzie,San Francisco
1557,Script,For The First Time
1558,Script,Breakeven
1559,Scritti Politti,Perfect Way
1560,Seals and Crofts,Diamond Girl
1561,Sean Kingston,Fire Burning
1562,Sean Kingston,Beautiful Girls
1563,Sean Kingston,Take You There
1564,Sean Paul,(When You Gonna) Give It Up To Me
1565,Sean Paul,I'm Still in Love with You
1566,Sean Paul,Gimme the Light
1567,Sean Paul,Like Glue
1568,Searchers,Love Potion Number Nine
1569,Seekers,Georgy Girl
1570,Seekers,I'll Never Find Another You
1571,Selena Gomez,Good For You
1572,Selena Gomez,The Heart Wants What It Wants
1573,Sergio Mendes,The Look Of Love
1574,Sergio Mendes,The Fool On The Hill
1575,Shai,Baby I'm Yours
1576,Shakespear's Sister,Stay
1577,Shalamar,The Second Time Around
1578,Shania Twain,From This Moment On
1579,Shania Twain,That Don't Impress Me Much
1580,Shania Twain,Forever And For Always
1581,Shannon,Let The Music Play
1582,Shawn Colvin,Sunny Came Home
1583,Shawn Mendes,Stitches
1584,Shawn Mullins,Lullaby
1585,Sheena Easton,The Lover In Me
1586,Sheena Easton,Strut
1587,Sheila E.,The Glamorous Life
1588,Sheryl Crow,Strong Enough
1589,Sheryl Crow,Everyday Is A Winding Road
1590,Sheryl Crow,Soak up the Sun
1591,Sheryl Crow,If It Makes You Happy
1592,Sheryl Crow,The First Cut Is The Deepest
1593,Shinedown,Second Chance
1594,Shirelles,Baby It's You
1595,Shirelles,Foolish Little Girl
1596,Shirley Bassey,Goldfinger
1597,Shirley Ellis,The Name Game
1598,Shocking Blue,Venus
1599,Sia,Elastic Heart
1600,Simon and Garfunkel,I Am A Rock
1601,Simon and Garfunkel,Homeward Bound
1602,Sir Douglas Quintet,She's About A Mover
1603,Sisqo,Incomplete
1604,Sister Hazel,All For You
1605,Sister Sledge,We Are Family
1606,Sister Sledge,He's The Greatest Dancer
1607,Skee-lo,I Wish
1608,Skeeter Davis,I Can't Stay Mad At You
1609,Skid Row,I Remember You
1610,Skid Row,18 And Life
1611,Sly and The Family Stone,If You Want Me To Stay
1612,Smash Mouth,Then The Morning Comes
1613,Smashing Pumpkins,1979
1614,Snoop Dogg,Sensual Seduction
1615,Snoop Dogg,Drop It Like It's Hot
1616,Snoop Dogg,Beautiful
1617,Snoop Dogg,Drop it Like it's Hot
1618,Snoop Doggy Dogg,Gin And Juice
1619,Somethin' For The People,My Love Is The Shhh!
1620,Sonique,It Feels So Good
1621,Sonny and Cher,A Cowboy's Work Is Never Done
1622,Sonny and Cher,Baby Don't Go
1623,Sophie B. Hawkins,Damn I Wish I Was Your Lover
1624,Sophie B. Hawkins,As I Lay Me Down
1625,Soul For Real,Every Little Thing I Do
1626,Soul For Real,Candy Rain
1627,Sounds Orchestral,Cast Your Fate To The Wind
1628,Spencer Davis Group,Gimme Some Lovin'
1629,Spice Girls,Too Much
1630,Spice Girls,2 Become 1
1631,Spice Girls,Say You'll Be There
1632,Spin Doctors,Two Princes
1633,Spinners,Could It Be I'm Falling In Love
1634,Stacey Q,Two Of Hearts
1635,Stampeders,Sweet City Woman
1636,Stan Getz,The Girl From Ipanema
1637,Standells,Dirty Water
1638,Staple Singers,Let's Do It Again
1639,Starship,Sara
1640,Status Quo,Pictures Of Matchstick Men
1641,Stealers Wheel,Stuck In The Middle With You
1642,Steely Dan,Do It Again
1643,Steely Dan,Rikki Don't Lose That Number
1644,Steely Dan,Peg
1645,Steely Dan,Hey Nineteen
1646,Steely Dan,Reelin' In The Years
1647,Steppenwolf,Born To Be Wild
1648,Steppenwolf,Magic Carpet Ride
1649,Steve Forbert,Romeo's Tune
1650,Steve Lawrence,Pretty Blue Eyes
1651,Steve Miller Band,Fly Like An Eagle
1652,Steve Miller Band,The Joker
1653,Steve Miller Band,Jet Airliner
1654,Steve Winwood,While You See A Chance
1655,Stevie Nicks,Leather And Lace
1656,Stevie Nicks,Stand Back
1657,Stevie Nicks,Talk To Me
1658,Stevie Wonder,My Cherie Amour
1659,Stevie Wonder,Send One Your Love
1660,Stevie Wonder,I Wish
1661,Stevie Wonder,Higher Ground
1662,Stevie Wonder,Boogie On Reggae Woman
1663,Stevie Wonder,Living For The City
1664,Stevie Wonder,Master Blaster
1665,Stevie Wonder,That Girl
1666,Stevie Wonder,I Ain't Gonna Stand For It
1667,Stevie Wonder,I Just Called To Say I Love You
1668,Stevie Wonder,Uptight
1669,Stevie Wonder,If You Really Love Me
1670,Stevie Wonder,Superstition
1671,Strawberry Alarm Clock,Incense And Peppermints
1672,Stray Cats,Stray Cat Strut
1673,Styx,Come Sail Away
1674,Styx,Too Much Time On My Hands
1675,Styx,Show Me The Way
1676,Styx,Don't Let It End
1677,Styx,The Best Of Times
1678,Styx,Lady
1679,Styx,Renegade
1680,Styx,Mr. Roboto
1681,Sugar Ray,Someday
1682,Sugar Ray,When It's Over
1683,Sunshine Anderson,Heard It All Before
1684,Supertramp,The Logical Song
1685,Supremes,Love Is Here And Now You're Gone
1686,Supremes,Baby Love
1687,Supremes,You Keep Me Hangin' On
1688,Supremes,The Happening
1689,Supremes,Back In My Arms Again
1690,Survivor,I Can't Hold Back
1691,Survivor,The Search Is Over
1692,Suzanne Vega,Luka
1693,Suzi Quatro,Stumblin' In
1694,Swedish House Mafia,Don't You Worry Child
1695,Sweet Sensation,If Wishes Came True
1696,Swing Out Sister,Breakout
1697,Switchfoot,Meant to Live
1698,T-Pain,Bartender
1699,T-Pain,I'm N Luv
1700,T-Pain,Can't Believe It
1701,T-Pain,I'm Sprung
1702,T. Rex,Bang A Gong
1703,Take That,Back For Good
1704,Tavares,Heaven Must Be Missing An Angel
1705,Taylor Dayne,With Every Beat Of My Heart
1706,Taylor Dayne,Love Will Lead You Back
1707,Taylor Dayne,Tell It To My Heart
1708,Taylor Dayne,I'll Be Your Shelter
1709,Taylor Dayne,Don't Rush Me
1710,Taylor Swift,Our Song
1711,Taylor Swift,22
1712,Taylor Swift,Wildest Dreams
1713,Taylor Swift,Style
1714,Taylor Swift,Back To December
1715,Taylor Swift,We Are Never Ever Getting Back Together
1716,Taylor Swift,Teardrops On My Guitar
1717,Taylor Swift,Mine
1718,Tears For Fears,Sowing The Seeds Of Love
1719,Tears For Fears,Head Over Heels
1720,Technotronic,Move This
1721,Teena Marie,Lover Girl
1722,Temptations,Ball Of Confusion
1723,Temptations,The Way You Do The Things You Do
1724,Temptations,Ain't Too Proud To Beg
1725,Temptations,"Run Away Child, Running Wild"
1726,Temptations,You're My Everything
1727,Temptations,Beauty Is Only Skin Deep
1728,Terence Trent d'Arby,Sign Your Name
1729,Tesla,Signs
1730,Tesla,Love Song
1731,Tevin Campbell,I'm Ready
1732,Tevin Campbell,Can We Talk
1733,Third Eye Blind,Never Let You Go
1734,Third Eye Blind,Jumper
1735,Thomas Dolby,She Blinded Me With Science
1736,Thompson Twins,Hold Me Now
1737,Three Dog Night,Easy To Be Hard
1738,Three Dog Night,Black And White
1739,Three Dog Night,Never Been To Spain
1740,Three Dog Night,The Show Must Go On
1741,Three Dog Night,Shambala
1742,Three Dog Night,Liar
1743,Tim McGraw,Please Remember Me
1744,Tim McGraw,It's Your Love
1745,Timbaland,Carry Out
1746,Tina Turner,We Don't Need Another Hero
1747,Tina Turner,Typical Male
1748,Tina Turner,I Don't Wanna Fight
1749,Tina Turner,Better Be Good To Me
1750,Tinie Tempah,Written In The Stars
1751,Tom Jones,It's Not Unusual
1752,Tom Jones,Delilah
1753,Tom Jones,What's New Pussycat?
1754,Tom Jones,She's A Lady
1755,Tom Petty,Free Fallin'
1756,Tom Petty,You Don't Know How It Feels
1757,Tom Petty and The Heartbreakers,Don't Do Me Like That
1758,Tommy Roe,Sweet Pea
1759,Tommy Roe,Everybody
1760,Tommy Roe,Hooray For Hazel
1761,Tone Loc,Funky Cold Medina
1762,Tone Loc,Wild Thing
1763,Toni Basil,Mickey
1764,Toni Braxton,Another Sad Love Song
1765,Tony Bennett,I Wanna Be Around
1766,Tony Orlando,Bless You
1767,Total,What About Us
1768,Total,Can't You See
1769,Total,Kissin' You
1770,Total,Trippin'
1771,Tove Lo,Talking Body
1772,Toya,I Do!!
1773,Train,Meet Virginia
1774,Train,Calling All Angels
1775,Trammps,Disco Inferno
1776,Trapt,Headstrong
1777,Travie McCoy,Billionaire
1778,Tremeloes,Silence Is Golden
1779,Trey Songz,Slow Motion
1780,Trey Songz,Na Na
1781,Trey Songz,Bottoms Up
1782,Trey Songz,Say Aah
1783,Troggs,Love Is All Around
1784,Troggs,Wild Thing
1785,Truth Hurts,Addictive
1786,Tubes,She's A Beauty
1787,Tyga,Rack City
1788,Tyrese,Sweet Lady
1789,Tyrese,How You Gonna Act Like That
1790,U2,Mysterious Ways
1791,U2,Desire
1792,U2,One
1793,U2,I Still Haven't Found What I'm Looking For
1794,UB40,The Way You Do The Things You Do
1795,UB40,Here I Am
1796,UB40,Red Red Wine
1797,Usher,Scream
1798,Usher,I Don't Mind
1799,Usher,DJ Got Us Fallin' In Love
1800,Usher,Climax
1801,Usher,Caught Up
1802,Usher,More
1803,Van Halen,Why Can't This Be Love
1804,Van Morrison,Brown Eyed Girl
1805,Vance Joy,Riptide
1806,Vanilla Ice,Ice Ice Baby
1807,Vanilla Ice,Play That Funky Music
1808,Vicki Carr,It Must Be Him
1809,Vicki Sue Robinson,Turn The Beat Around
1810,Village People,In The Navy
1811,Vogues,"Turn Around, Look At Me"
1812,Waka Flocka Flame,No Hands
1813,Wale,Bad
1814,Wang Chung,Dance Hall Days
1815,Warren G,This D.J.
1816,Wayne Wonder,No Letting Go
1817,White Plains,My Baby Loves Lovin'
1818,White Town,Your Woman
1819,Whitney Houston,You Give Good Love
1820,Whitney Houston,My Love Is Your Love
1821,Whitney Houston,Count On Me
1822,Whitney Houston,I Have Nothing
1823,Whitney Houston,I'm Your Baby Tonight
1824,Whitney Houston,Where Do Broken Hearts Go
1825,Whitney Houston,It's Not Right But It's Okay
1826,Whitney Houston,I Believe In You And Me
1827,Whitney Houston,Saving All My Love For You
1828,Whitney Houston,I'm Every Woman
1829,Will Smith,Wild Wild West
1830,Will Smith,Switch
1831,Will Smith,Miami
1832,Wilson Phillips,You're In Love
1833,Wilson Phillips,Impulsive
1834,Wilson Pickett,Funky Broadway
1835,Wings,Live And Let Die
1836,Wings,Listen To What The Man Said
1837,Wings,Goodnight Tonight
1838,Wings,Let 'Em In
1839,Wiz Khalifa,Roll Up
1840,Wiz Khalifa,Black And Yellow
1841,Wiz Khalifa,"Work Hard, Play Hard"
1842,Wyclef Jean,Sweetest Girl
1843,Wyclef Jean,Gone Till November
1844,X Ambassadors,Renegades
1845,Xscape,Just Kickin' It
1846,Xscape,Understanding
1847,Xscape,The Arms Of The One Who Loves You
1848,Yardbirds,Heart Full Of Soul
1849,Yardbirds,For Your Love
1850,Ying Yang Twins,Salt Shaker
1851,Ying Yang Twins,Wait
1852,Young Jeezy,Soul Survivor
1853,Young Jeezy,Put On
1854,Young M.C.,Bust A Move
1855,Young Rascals,How Can I Be Sure
1856,Young Rascals,I've Been Lonely Too Long
1857,YoungBloodZ,Damn!
1858,ZZ Top,Legs
1859,Zager and Evans,In The Year 2525
1860,Zedd,Clarity
1861,Zhane,Hey Mr. D.J.
1862,Zhane,Groove Thang
