title,artist,Track Name,Artist Name(s)
(Everything I Do) I Do It For You,Bryan Adams,(Everything I Do) I Do It For You,Bryan Adams
(I Can't Get No) Satisfaction,Rolling Stones,(I Can't Get No) Satisfaction - Mono Version,The Rolling Stones
(Just Like) Starting Over,John Lennon,(Just Like) Starting Over - Remastered 2010,John Lennon
(Love Is) Thicker Than Water,Andy Gibb,(Love Is) Thicker Than Water,Andy Gibb
(Sittin' On) The Dock Of The Bay,Otis Redding,(Sittin' On) the Dock of the Bay,Otis Redding
(They Long To Be) Close To You,Carpenters,(They Long To Be) Close To You,Carpenters
(Your Love Has Lifted Me) Higher And Higher,Rita Coolidge,(Your Love Has Lifted Me) Higher And Higher,Rita Coolidge
...Baby One More Time,Britney Spears,...Baby One More Time,Britney Spears
"1, 2 Step",Ciara,"One, Two Step (feat. Missy Elliott)","Ciara, Missy Elliott"
21 Questions,50 Cent,21 Questions,"50 Cent, Nate Dogg"
4 Minutes,Madonna,4 Minutes (feat. Justin Timberlake & Timbaland),"Madonna, Justin Timberlake, Timbaland"
50 Ways To Leave Your Lover,Paul Simon,50 Ways to Leave Your Lover,Paul Simon
679,Fetty Wap,679 (feat. Remy Boyz),"Fetty Wap, Remy Boyz"
9 To 5,Dolly Parton,9 to 5,Dolly Parton
A Hard Day's Night,Beatles,A Hard Day's Night - Remastered 2009,The Beatles
A Little More Love,Olivia Newton-John,A Little More Love,Olivia Newton-John
A Thousand Miles,Vanessa Carlton,A Thousand Miles,Vanessa Carlton
A Whole New World,Peabo Bryson,A Whole New World (Aladdin's Theme),"Peabo Bryson, Regina Belle"
A Woman Needs Love,Ray Parker Jr.,A Woman Needs Love (Just Like You Do),"Ray Parker Jr., Raydio"
ABC,Jackson 5,ABC,The Jackson 5
Abracadabra,Steve Miller Band,Abracadabra,Steve Miller Band
Achy Breaky Heart,Billy Ray Cyrus,Achy Breaky Heart,Billy Ray Cyrus
Addicted To Love,Robert Palmer,Addicted To Love,Robert Palmer
Adia,Sarah McLachlan,Adia,Sarah McLachlan
Again,Janet Jackson,Again,Janet Jackson
Again,Lenny Kravitz,Again,Lenny Kravitz
Against All Odds,Phil Collins,Against All Odds (Take a Look at Me Now) - 2016 Remaster,Phil Collins
Ain't No Mountain High Enough,Diana Ross,Ain't No Mountain High Enough,"Diana Ross & The Supremes, The Temptations"
Ain't No Sunshine,Bill Withers,Ain't No Sunshine,Bill Withers
Ain't it Funny,Jennifer Lopez,Ain't It Funny,Jennifer Lopez
Alive And Kicking,Simple Minds,Alive And Kicking,Simple Minds
All About That Bass,Meghan Trainor,All About That Bass,Meghan Trainor
All Around The World,Lisa Stansfield,All Around the World - Remastered,"Lisa Stansfield, Ian Devaney, Andy Morris"
All For Love,"Bryan Adams, Rod Stewart and Sting","All For Love - From ""The Three Musketeers""","Bryan Adams, Sting, Rod Stewart"
All I Have,Jennifer Lopez,All I Have (feat. LL Cool J),"Jennifer Lopez, LL COOL J"
All I Wanna Do Is Make Love To You,Heart,All I Wanna Do Is Make Love To You,Heart
All Night Long,Lionel Richie,All Night Long,Ricardo Caliente
All Of Me,John Legend,All of Me,John Legend
All Star,Smash Mouth,All Star,Smash Mouth
All That She Wants,Ace Of Base,All That She Wants,Ace of Base
All The Man That I Need,Whitney Houston,All The Man That I Need,Whitney Houston
Alone,Heart,Alone,Heart
Alone Again,Gilbert O'Sullivan,Alone Again (Naturally),Gilbert O'Sullivan
Always,Atlantic Starr,Always,Atlantic Starr
Always,Bon Jovi,Always,Bon Jovi
Always Be My Baby,Mariah Carey,Always Be My Baby,Mariah Carey
Always On My Mind,Willie Nelson,Always On My Mind,Willie Nelson
Always on Time,Ja Rule,Always On Time,"Ja Rule, Ashanti"
Am I Wrong,Nico and Vinz,Am I Wrong,Nico & Vinz
American Pie,Don McLean,American Pie,Don McLean
Angel,Sarah McLachlan,Angel,"Sarah McLachlan, Katherine Jenkins"
Angel,Shaggy,Angel,"Shaggy, Rayvon"
Another Day In Paradise,Phil Collins,Another Day in Paradise - 2016 Remaster,Phil Collins
Anything For You,Gloria Estefan and Miami Sound Machine,Anything For You,"Gloria Estefan, Miami Sound Machine"
Apologize,Timbaland,Apologize,"Timbaland, OneRepublic"
At Seventeen,Janis Ian,At Seventeen,Janis Ian
Babe,Styx,Babe,Styx
Baby Boy,Beyonce,Baby Boy (feat. Sean Paul),"Beyoncé, Sean Paul"
Baby Come Back,Player,Baby Come Back,Player
Baby Don't Get Hooked On Me,Mac Davis,Baby Don't Get Hooked on Me,Mac Davis
Baby Got Back,Sir Mix-a-Lot,Baby Got Back,Sir Mix-A-Lot
Baby I Love Your Way,Big Mountain,"Baby, I Love Your Way","Big Mountain, Tom Lord-Alge"
Back At One,Brian McKnight,Back At One,Brian McKnight
Bad Bad Leroy Brown,Jim Croce,"Bad, Bad Leroy Brown",Jim Croce
Bad Blood,Taylor Swift,Bad Blood,Taylor Swift
Bad Day,Daniel Powter,Bad Day,Daniel Powter
Bad Romance,Lady Gaga,Bad Romance,Lady Gaga
Band Of Gold,Freda Payne,Band Of Gold (Single Mix),Freda Payne
Band On The Run,Paul McCartney,Band On The Run,"Paul McCartney, Wings"
Be Without You,Mary J. Blige,Be Without You,Mary J. Blige
Beat It,Michael Jackson,Beat It,Michael Jackson
Beautiful,Christina Aguilera,Beautiful,Christina Aguilera
Because I Love You,Stevie B,Because I Love You (The Postman Song),Stevie B
Because You Loved Me,Celine Dion,Because You Loved Me,Céline Dion
Been Around The World,Puff Daddy,Been Around the World,"Diddy, Mase, The Notorious B.I.G."
Before He Cheats,Carrie Underwood,Before He Cheats,Carrie Underwood
Behind These Hazel Eyes,Kelly Clarkson,Behind These Hazel Eyes,Kelly Clarkson
Being With You,Smokey Robinson,Being With You,Smokey Robinson
Believe,Cher,Believe,Cher
Ben,Michael Jackson,Ben - Single Version,Michael Jackson
Bennie And The Jets,Elton John,"Bennie And The Jets - Recorded At The Colosseum, Caesars Palace, Las Vegas",Elton John
Bent,matchbox twenty,Bent,Matchbox Twenty
Bette Davis Eyes,Kim Carnes,Bette Davis Eyes,Kim Carnes
Beverly Hills,Weezer,Beverly Hills,Weezer
Big Girls Don't Cry,Fergie,Big Girls Don't Cry (Personal),Fergie
Billie Jean,Michael Jackson,Billie Jean,Michael Jackson
Billionaire,Travie McCoy,Billionaire (feat. Bruno Mars),"Travie McCoy, Bruno Mars"
"Bills, Bills, Bills",Destiny's Child,"Bills, Bills, Bills",Destiny's Child
Bitch,Meredith Brooks,Bitch,Meredith Brooks
Black Or White,Michael Jackson,Black or White,Michael Jackson
Black Velvet,Alannah Myles,Black Velvet,Alannah Myles
Black Water,Doobie Brothers,Black Water,The Doobie Brothers
Blame It,Jamie Foxx,Blame It,"Jamie Foxx, T-Pain"
Blame It On The Rain,Milli Vanilli,Blame It on the Rain,Milli Vanilli
Blank Space,Taylor Swift,Blank Space,Taylor Swift
Blaze Of Glory,Jon Bon Jovi,"Blaze Of Glory - From ""Young Guns II"" Soundtrack",Jon Bon Jovi
Bleeding Love,Leona Lewis,Bleeding Love,Leona Lewis
Blowin' In The Wind,"Peter, Paul and Mary",Blowin' in the Wind,"Peter\, Paul and Mary"
Blue Velvet,Bobby Vinton,Blue Velvet,Bobby Vinton
Blurred Lines,Robin Thicke,Blurred Lines,"Robin Thicke, T.I., Pharrell Williams"
Blurry,Puddle Of Mudd,Blurry,Puddle Of Mudd
Boom Boom Pow,Black Eyed Peas,Boom Boom Pow,Black Eyed Peas
Born This Way,Lady Gaga,Born This Way,Lady Gaga
Boulevard Of Broken Dreams,Green Day,Boulevard of Broken Dreams,Green Day
Break Your Heart,Taio Cruz,Break Your Heart,Taio Cruz
Breaking Up Is Hard To Do,Neil Sedaka,Breaking Up Is Hard to Do,Neil Sedaka
Breathe,Faith Hill,Breathe,Faith Hill
Breathe Again,Toni Braxton,Breathe Again,Toni Braxton
Bridge Over Troubled Water,Simon and Garfunkel,Bridge Over Troubled Water,Simon & Garfunkel
Bring Me To Life,Evanescence,I Can't Stand The Rain,Clinic
Broken Wings,Mr. Mister,Broken Wings,Mr. Mister
Brown Sugar,Rolling Stones,Brown Sugar - Live,The Rolling Stones
Bubbly,Colbie Caillat,Tidløs,Postgirobygget
Bump N' Grind,R. Kelly,Bump n' Grind,R. Kelly
"Bump, Bump, Bump",B2K,"Bump, Bump, Bump (feat. P. Diddy)","B2K, Diddy"
Burn,Usher,Burn,Usher
Burning Heart,Survivor,"Burning Heart - From ""Rocky IV"" Soundtrack",Survivor
Buttons,Pussycat Dolls,Buttons,The Pussycat Dolls
Buy U A Drank,T-Pain,Buy U a Drank (Shawty Snappin') (feat. Yung Joc),"T-Pain, Yung Joc"
C'est La Vie,Robbie Nevil,C'est La Vie,Robbie Nevil
California Gurls,Katy Perry,California Gurls,"Katy Perry, Snoop Dogg"
Call Me,Blondie,Call Me,Blondie
Call Me Maybe,Carly Rae Jepsen,Call Me Maybe,Carly Rae Jepsen
Can You Feel The Love Tonight,Elton John,"Can You Feel the Love Tonight - End Title/ From ""The Lion King""/Soundtrack Version",Elton John
Can't Feel My Face,The Weeknd,Can't Feel My Face,The Weeknd
Can't Fight This Feeling,REO Speedwagon,Can't Fight This Feeling,REO Speedwagon
Can't Get Used To Losing You,Andy Williams,Can't Get Used to Losing You - Single Version,Andy Williams
Can't Help Falling In Love,UB40,(I Can't Help) Falling In Love With You,UB40
Can't Hold Us,Macklemore,Can't Hold Us (feat. Ray Dalton),"Macklemore & Ryan Lewis, Macklemore, Ryan Lewis, Ray Dalton"
Can't Let Go,Mariah Carey,Can't Let Go,Mariah Carey
Can't Nobody Hold Me Down,Puff Daddy,Can't Nobody Hold Me Down (feat. Mase),"Diddy, Mase"
Can't Take My Eyes Off You,Frankie Valli,Can't Take My Eyes Off You,Frankie Valli & The Four Seasons
Can't You Hear My Heartbeat,Herman's Hermits,Can't You Hear My Heartbeat,Herman's Hermits
Candida,Dawn,Candida,The Dawn
Candy Man,Sammy Davis Jr.,The Candy Man,Sammy Davis Jr.
Candy Shop,50 Cent,Candy Shop,"50 Cent, Olivia"
Cars,Gary Numan,Cars,Gary Numan
Cathy's Clown,Everly Brothers,Cathy's Clown - 2007 Remaster,The Everly Brothers
Celebration,Kool and The Gang,Celebration,Kool & The Gang
Centerfold,J. Geils Band,Centerfold,The J. Geils Band
Change The World,Eric Clapton,Change the World,Eric Clapton
Check on It,Beyonce,Check On It (feat. Slim Thug),"Beyoncé, Slim Thug"
Cherish,Association,Cherish,The Association
Cherish,Kool and The Gang,Cherish,Kool & The Gang
Close To You,Maxi Priest,Close To You,Maxi Priest
Closer,Ne-Yo,Closer,Ne-Yo
Cold Hearted,Paula Abdul,Cold Hearted,Paula Abdul
Come And Get Your Love,Redbone,Come and Get Your Love - Single Version,Redbone
Come On Eileen,Dexy's Midnight Runners,Come On Eileen,Dexys Midnight Runners
Coming Up,Paul McCartney,Coming Up,Paul McCartney
Complicated,Avril Lavigne,Complicated,Avril Lavigne
Confessions Part II,Usher,Confessions Part II,Usher
Cooler Than Me,Mike Posner,Cooler Than Me - Single Mix,"Mike Posner, Gigamesh"
Counting Stars,OneRepublic,Counting Stars,OneRepublic
Cradle Of Love,Billy Idol,Cradle Of Love - Remastered,Billy Idol
Crazy,Gnarls Barkley,Crazy,Gnarls Barkley
Crazy For You,Madonna,Crazy for You,Madonna
Crazy In Love,Beyonce,Crazy In Love (feat. Jay-Z),"Beyoncé, JAY-Z"
Crimson And Clover,Tommy James and The Shondells,Crimson & Clover,Tommy James & The Shondells
Crocodile Rock,Elton John,Crocodile Rock,Elton John
Cruise,Florida Georgia Line,Cruise,Florida Georgia Line
Cruisin',Smokey Robinson,Cruisin',Smokey Robinson
Cry Like A Baby,Box Tops,Cry Like a Baby,The Box Tops
Crying In The Chapel,Elvis Presley,Crying In the Chapel,Elvis Presley
Crystal Blue Persuasion,Tommy James and The Shondells,Crystal Blue Persuasion,Tommy James & The Shondells
Cups,Anna Kendrick,Cups (Pitch Perfect’s “When I’m Gone”) - Pop Version,Anna Kendrick
DJ Got Us Fallin' in Love,Usher,DJ Got Us Fallin' In Love (feat. Pitbull),"Usher, Pitbull"
Da Ya Think I'm Sexy,Rod Stewart,Da Ya Think I'm Sexy,"Rod Stewart, DNCE"
Daddy Don't You Walk So Fast,Wayne Newton,Daddy Don't You Walk So Fast,Wayne Newton
Dance To The Music,Sly and The Family Stone,Dance to the Music,Sly & The Family Stone
"Dance, Dance, Dance",Chic,"Dance, Dance, Dance (Yowsah, Yowsah, Yowsah)",CHIC
Dancing In The Dark,Bruce Springsteen,Dancing In the Dark,Bruce Springsteen
Dancing In The Street,Martha and The Vandellas,Dancing In The Street - Stereo,Martha Reeves & The Vandellas
Dancing Machine,Jackson 5,Dancing Machine - Polow Remix,The Jackson 5
Dancing Queen,ABBA,Me Miras y Te Miro,Grupo Mania
Dani California,Red Hot Chili Peppers,Dani California,Red Hot Chili Peppers
Dark Horse,Katy Perry,Dark Horse,"Katy Perry, Juicy J"
Dedicated To The One I Love,Shirelles,Dedicated To The One I Love,The Shirelles
Delta Dawn,Helen Reddy,Delta Dawn,Helen Reddy
Demons,Imagine Dragons,Demons,Imagine Dragons
Didn't We Almost Have It All,Whitney Houston,Didn't We Almost Have It All,Whitney Houston
Dip It Low,Christina Milian,Dip It Low,Christina Milian
Dirt Off Your Shoulder,Jay-Z,Dirt Off Your Shoulder - A Cappella (Explicit),JAY-Z
Disco Inferno,50 Cent,Disco Inferno,50 Cent
Disco Lady,Johnnie Taylor,Disco Lady,Johnnie Taylor
Disturbia,Rihanna,Disturbia,Rihanna
Dizzy,Tommy Roe,Dizzy,Tommy Roe
Do Me!,Bell Biv Devoe,Do Me!,Bell Biv DeVoe
Do That To Me One More Time,Captain and Tennille,Do That To Me One More Time,Captain & Tennille
Do Wah Diddy Diddy,Manfred Mann,Do Wah Diddy Diddy - 2007 Remaster,Manfred Mann
Do You Know What I Mean,Lee Michaels,Do You Know What I Mean,Lee Michaels
Do You Really Want To Hurt Me,Culture Club,Do You Really Want To Hurt Me,Culture Club
Don't Cha,Pussycat Dolls,Don't Cha,"The Pussycat Dolls, Busta Rhymes"
Don't Dream It's Over,Crowded House,Don't Dream It's Over,Crowded House
Don't Go Breaking My Heart,Elton John,Así Es la Mujer,Víctor Manuelle
Don't Know Much,Linda Ronstadt,Don't Know Much (with Aaron Neville),"Linda Ronstadt, Aaron Neville"
Don't Leave Me This Way,Thelma Houston,Don't Leave Me This Way,Thelma Houston
Don't Let Go,En Vogue,Don't Let Go (Love) - 2012 Remaster,En Vogue
Don't Matter,Akon,Don't Matter,Akon
Don't Phunk With My Heart,Black Eyed Peas,Don't Phunk With My Heart,Black Eyed Peas
Don't Stop the Music,Rihanna,Don't Stop The Music,Rihanna
Don't Talk To Strangers,Rick Springfield,Don't Talk to Strangers,Rick Springfield
Don't Turn Around,Ace Of Base,Don't Turn Around - 2009,Ace of Base
Don't Walk Away,Jade,Don't Walk Away,Jade
Don't Wanna Lose You,Gloria Estefan,Don't Wanna Lose You,Gloria Estefan
Don't You,Simple Minds,Don't You (Forget About Me) - Remastered 2001,Simple Minds
Don't You Want Me,Human League,Don't You Want Me - Remastered 2012,The Human League
Down,Jay Sean,Down,"Jay Sean, Lil Wayne"
Down On Me,Jeremih,Down On Me,"Jeremih, 50 Cent"
Down Under,Men At Work,Down Under,Men At Work
Downtown,Petula Clark,Downtown,Petula Clark
Dreamlover,Mariah Carey,Dreamlover,Mariah Carey
Drift Away,Dobie Gray,Drift Away - Single Version,Dobie Gray
Drift Away,Uncle Kracker,Drift Away,Uncle Kracker
Drive,Incubus,Drive,Incubus
Drive By,Train,Minuta Bez Ciebie,Mirage & Yoko
Drop It Like It's Hot,Snoop Dogg,Drop It Like It's Hot,"Snoop Dogg, Pharrell Williams"
Drops Of Jupiter,Train,Drops of Jupiter (Tell Me),Train
Duke Of Earl,Gene Chandler,Duke of Earl,Gene Chandler
Dynamite,Taio Cruz,Dynamite,Taio Cruz
E.T.,Katy Perry,E.T.,"Katy Perry, Kanye West"
Earned It,The Weeknd,Earned It (Fifty Shades Of Grey),The Weeknd
Ebony And Ivory,Paul McCartney,Ebony And Ivory,Paul McCartney
El Paso,Marty Robbins,El Paso,Marty Robbins
Electric Avenue,Eddy Grant,Electric Avenue (Made Famous By Eddy Grant),Dubstep Kings
Emotions,Mariah Carey,Emotions,Mariah Carey
Empire State of Mind,Jay-Z,Empire State Of Mind,"JAY-Z, Alicia Keys"
End Of The Road,Boyz II Men,Brother 1976,James Brandon Lewis
Endless Love,Diana Ross,Endless Love,"Lionel Richie, Diana Ross"
Escapade,Janet Jackson,Escapade,Janet Jackson
Every Breath You Take,Police,Every Breath You Take,The Police
Every Morning,Sugar Ray,Every Morning,Sugar Ray
Every Rose Has Its Thorn,Poison,Every Rose Has It's Thorn - Remastered 1996,Poison
Everybody,Backstreet Boys,Everybody (Backstreet's Back) - Radio Edit,Backstreet Boys
Everybody Have Fun Tonight,Wang Chung,Everybody Have Fun Tonight,Wang Chung
Everybody Loves Somebody,Dean Martin,Everybody Loves Somebody,Dean Martin
Everybody Talks,Neon Trees,Everybody Talks,Neon Trees
Everybody Wants To Rule The World,Tears For Fears,Everybody Wants To Rule The World,Tears For Fears
Everybody's Somebody's Fool,Connie Francis,Everybody's Somebody's Fool,Connie Francis
Everyday People,Sly and The Family Stone,Everyday People,Sly & The Family Stone
Everything Is Beautiful,Ray Stevens,Everything Is Beautiful - 1970 #1 Billboard chart hit,Ray Stevens
Everytime You Go Away,Paul Young,Everytime You Go Away,Paul Young
Exhale,Whitney Houston,Exhale - Remastered,Whitney Houston
Eye Of The Tiger,Survivor,Eye of the Tiger,Survivor
F**K You,Cee Lo Green,F**K You,CeeLo Green
Faith,George Michael,Faith - Remastered,George Michael
Fallin',Alicia Keys,Fallin',Alicia Keys
Fame,David Bowie,Fame - 2016 Remaster,David Bowie
Family Affair,Mary J. Blige,Family Affair,Mary J. Blige
Fancy,Iggy Azalea,Fancy,"Iggy Azalea, Charli XCX, Wiley"
Fantastic Voyage,Coolio,Fantastic Voyage,Coolio
Fantasy,Mariah Carey,Fantasy,Mariah Carey
Fergalicious,Fergie,Fergalicious,"Fergie, will.i.am"
Fight Song,Rachel Platten,Fight Song,Rachel Platten
Finally,CeCe Peniston,Finally,CeCe Peniston
Fire,Pointer Sisters,Fire,The Pointer Sisters
Firework,Katy Perry,Firework,Katy Perry
Flashdance... What A Feeling,Irene Cara,Flashdance...What a Feeling - Radio Edit,Irene Cara
Follow Me,Uncle Kracker,Reunion Blues,"Oscar Peterson & The Bassists, Val Valentin"
Foolish,Ashanti,Foolish,Ashanti
Footloose,Kenny Loggins,Footloose,Kenny Loggins
Freak Like Me,Adina Howard,Freak Like Me,Adina Howard
Freek-a-Leek,Petey Pablo,Freek-A-Leek,Petey Pablo
Funkytown,"Lipps, Inc.",Funkytown - Single Version,Lipps Inc.
Gangsta's Paradise,Coolio,Gangsta's Paradise,"Coolio, L.V."
Genie In A Bottle,Christina Aguilera,Genie In a Bottle,Christina Aguilera
Get Busy,Sean Paul,Get Busy,Sean Paul
Get Closer,Seals and Crofts,Get Closer,Seals and Crofts
Get Low,Lil Jon,Get Low,"Lil Jon & The East Side Boyz, Ying Yang Twins"
Get Lucky,Daft Punk,Get Lucky (feat. Pharrell Williams & Nile Rodgers) - Radio Edit,"Daft Punk, Pharrell Williams, Nile Rodgers"
"Get Outta My Dreams, Get Into My Car",Billy Ocean,"Get Outta My Dreams, Get Into My Car",Billy Ocean
Get Ready,Rare Earth,Get Ready,Rare Earth
Gettin' Jiggy Wit It,Will Smith,Gettin' Jiggy Wit It,Will Smith
Ghostbusters,Ray Parker Jr.,Ghostbusters,Ray Parker Jr.
Girl I'm Gonna Miss You,Milli Vanilli,Girl I'm Gonna Miss You,Milli Vanilli
Girl You Know It's True,Milli Vanilli,Girl You Know It's True,Milli Vanilli
Girlfriend,Avril Lavigne,Girlfriend,Avril Lavigne
Girls Just Want To Have Fun,Cyndi Lauper,Girls Just Want to Have Fun,Cyndi Lauper
Give It To Me,Timbaland,Give It To Me,"Timbaland, Justin Timberlake, Nelly Furtado"
Give Me Everything,Pitbull,"Give Me Everything (feat. Ne-Yo, Afrojack & Nayer)","Pitbull, Ne-Yo, AFROJACK, Nayer"
Give Me One Reason,Tracy Chapman,Give Me One Reason,Tracy Chapman
Gives You Hell,All-American Rejects,Gives You Hell,The All-American Rejects
Giving You The Best That I Got,Anita Baker,Giving You the Best That I Got - Single Version,Anita Baker
Glad All Over,Dave Clark Five,Glad All Over - 2019 - Remaster,The Dave Clark Five
Glamorous,Fergie,Glamorous,Fergie
Glory Of Love,Peter Cetera,Glory of Love,Peter Cetera
Go Away Little Girl,Donny Osmond,Go Away Little Girl,Donny Osmond
Gold Digger,Kanye West,Gold Digger - AOL Sessions,"Kanye West, Jamie Foxx"
Gonna Make You Sweat,C+C Music Factory,Gonna Make You Sweat (Everybody Dance Now),C & C Music Factory
Good Feeling,Flo Rida,Good Feeling,Flo Rida
Good Lovin',Young Rascals,Good Lovin' - Single Version,The Young Rascals
Good Luck Charm,Elvis Presley,Good Luck Charm,Elvis Presley
Good Times,Chic,Juan Albañil,Cheo Feliciano
Good Vibrations,Marky Mark and The Funky Bunch,Good Vibrations,"Marky Mark And The Funky Bunch, Loleatta Holloway"
Goodies,Ciara,Goodies (feat. Petey Pablo),"Ciara, Petey Pablo"
Got My Mind Set On You,George Harrison,Got My Mind Set On You - Remastered 2004,George Harrison
Grease,Frankie Valli,Grease - 2007 Remaster,Frankie Valli
Greatest Love Of All,Whitney Houston,Greatest Love of All,Whitney Houston
Grenade,Bruno Mars,Grenade - Acoustic,Bruno Mars
Groovin',Young Rascals,Groovin',The Young Rascals
Hair,Cowsills,Hair,The Cowsills
Half Breed,Cher,Half Breed (Αs performed by Cher),Pop Music Workshop - Performer
Hands To Heaven,Breathe,Hands To Heaven,Breathe
Hanging By A Moment,Lifehouse,Hanging By A Moment - Acoustic Version,Lifehouse
Hanky Panky,Tommy James and The Shondells,Hanky Panky - Single Version,Tommy James & The Shondells
Happy,Pharrell Williams,Happy - Oktoberfest Mix,"Pharrell Williams, Bergland-Buam"
Hard To Say I'm Sorry,Chicago,Hard to Say I'm Sorry / Get Away - 2006 Remaster,Chicago
Harlem Shake,Baauer,Harlem Shake,Baauer
Harper Valley P.T.A.,Jeannie C. Riley,Harper Valley P.T.A.,Jeannie C. Riley
Have You Ever Really Loved A Woman?,Bryan Adams,Have You Ever Really Loved A Woman?,Bryan Adams
Have You Ever?,Brandy,Have You Ever,Brandy
He Wasn't Man Enough,Toni Braxton,He Wasn't Man Enough,Toni Braxton
He'll Have To Go,Jim Reeves,He'll Have to Go,Jim Reeves
Heart Of Glass,Blondie,Heart Of Glass - Special Mix,Blondie
Heart Of Gold,Neil Young,Heart of Gold - 2009 Remaster,Neil Young
Heartbreak Hotel,Whitney Houston,Heartbreak Hotel (feat. Faith Evans & Kelly Price),"Whitney Houston, Faith Evans, Kelly Price"
Heartless,Kanye West,Heartless,Kanye West
Heaven Is A Place On Earth,Belinda Carlisle,Heaven Is A Place On Earth - Live,Belinda Carlisle
Hello,Lionel Richie,Hello,Lionel Richie
"Hello, Dolly!",Louis Armstrong,"Hello, Dolly!",Louis Armstrong
"Hello, I Love You",Doors,"Hello, I Love You",The Doors
"Help Me, Rhonda",Beach Boys,"Help Me, Rhonda - Single Version/Remastered 2001",The Beach Boys
Help!,Beatles,Help! - Remastered 2009,The Beatles
Here I Go Again,Whitesnake,Here I Go Again - 2018 Remaster,Whitesnake
Here Without You,3 Doors Down,Here Without You,3 Doors Down
Hero,Mariah Carey,Hero,Mariah Carey
Hero,Enrique Iglesias,Hero,Enrique Iglesias
Hey Jude,Beatles,Hey Jude,The Beatles
Hey Lover,LL Cool J,Hey Lover,"LL COOL J, Boyz II Men"
Hey There Delilah,Plain White T's,Hey There Delilah - Live,Plain White T's
Hey Ya!,OutKast,Hey Ya!,Outkast
"Hey, Soul Sister",Train,"Hey, Soul Sister",Train
Higher Love,Steve Winwood,Higher Love,Steve Winwood
Hit 'Em Up Style,Blu Cantrell,Hit 'Em Up Style (Oops!),Blu Cantrell
Hit The Road Jack,Ray Charles,Hit The Road Jack (1960 Recording Remastered),Ray Charles
Ho Hey,Lumineers,Ho Hey,The Lumineers
Hold Me Now,Thompson Twins,Hold Me Now,Thompson Twins
Hold My Hand,Hootie and The Blowfish,Hold My Hand,Hootie & The Blowfish
Hold On,Wilson Phillips,Dancing The Animal (mind),Esperanza Spalding
Hold On,En Vogue,Hold On,En Vogue
Holding Back The Years,Simply Red,Holding Back the Years - 2008 Remaster,Simply Red
Hollaback Girl,Gwen Stefani,Hollaback Girl,Gwen Stefani
Holy Grail,Jay Z,Holy Grail,"JAY-Z, Justin Timberlake"
Honky Tonk Women,Rolling Stones,Honky Tonk Women,The Rolling Stones
Hooked On A Feeling,Blue Swede,Hooked On A Feeling,"Blue Swede, Björn Skifs"
Hot Fun In The Summertime,Sly and The Family Stone,Hot Fun in the Summertime,Sly & The Family Stone
How Am I Supposed To Live Without You,Michael Bolton,How Am I Supposed To Live Without You,Michael Bolton
How Can You Mend A Broken Heart,Bee Gees,How Can You Mend A Broken Heart,Bee Gees
How Deep Is Your Love,Bee Gees,How Deep Is Your Love,Bee Gees
How Do I Live,LeAnn Rimes,How Do I Live,LeAnn Rimes
How Do I Live,LeAnn Rimes,How Do I Live,LeAnn Rimes
How To Love,Lil Wayne,How To Love,Lil Wayne
How We Do,Game,La Musica Is Hot - Highpass Edit,ArtSpace
How Will I Know,Whitney Houston,How Will I Know,Whitney Houston
How You Remind Me,Nickelback,How You Remind Me,Nickelback
How's It Going To Be,Third Eye Blind,How's It Going to Be,Third Eye Blind
I Believe I Can Fly,R. Kelly,I Believe I Can Fly,R. Kelly
I Can't Get Next To You,Temptations,I Can't Get Next To You,The Temptations
I Can't Go For That,Daryl Hall,I Can't Go for That (No Can Do),Daryl Hall & John Oates
I Can't Help Myself,Four Tops,"I Can't Help Myself (Sugar Pie, Honey Bunch)",Four Tops
I Can't Stop Loving You,Ray Charles,I Can't Stop Loving You,Ray Charles
I Don't Wanna Know,Mario Winans,I Don't Wanna Know,Mario Winans
I Don't Want To Miss A Thing,Aerosmith,"I Don't Want to Miss a Thing - From ""Armageddon"" Soundtrack - Pop Mix",Aerosmith
I Don't Want To Wait,Paula Cole,I Don't Want to Wait,Paula Cole
I Fall To Pieces,Patsy Cline,I Fall To Pieces - Single Version,"Patsy Cline, The Jordanaires"
I Feel For You,Chaka Khan,I Feel for You,Chaka Khan
I Get Around,Beach Boys,I Get Around (Mono),The Beach Boys
I Got You Babe,Sonny and Cher,I Got You Babe,Sonny & Cher
I Gotta Feeling,Black Eyed Peas,I Gotta Feeling,Black Eyed Peas
I Just Want To Be Your Everything,Andy Gibb,I Just Want To Be Your Everything,Andy Gibb
I Kissed A Girl,Katy Perry,I Kissed A Girl,Katy Perry
I Knew I Loved You,Savage Garden,I Knew I Loved You,Savage Garden
I Knew You Were Trouble,Taylor Swift,I Knew You Were Trouble.,Taylor Swift
I Know What You Want,Busta Rhymes,I Know What You Want (feat. Flipmode Squad),"Busta Rhymes, Mariah Carey, Flipmode Squad"
I Know You Want Me,Pitbull,I Know You Want Me (Calle Ocho),Pitbull
I Like It,Enrique Iglesias,I Like It,"Enrique Iglesias, Pitbull"
I Love A Rainy Night,Eddie Rabbitt,I Love a Rainy Night,Eddie Rabbitt
I Love Rock N' Roll,Joan Jett,Rosas,La Oreja de Van Gogh
I Love You,Climax Blues Band,I Love You,Climax Blues Band
I Love You Because,Al Martino,I Love You Because,Al Martino
I Love Your Smile,Shanice,I Love Your Smile,Shanice
I Need To Know,Marc Anthony,I Need to Know,Marc Anthony
I Still Haven't Found What I'm Looking For,U2,I Still Haven't Found What I'm Looking For,U2
I Think We're Alone Now,Tommy James and The Shondells,I Think We're Alone Now - Single Version,Tommy James & The Shondells
I Wanna Dance With Somebody,Whitney Houston,I Wanna Dance With Somebody (Who Loves Me),Whitney Houston
I Wanna Love You,Akon,I Wanna Love You,"Akon, Snoop Dogg"
I Want It That Way,Backstreet Boys,I Want It That Way,Backstreet Boys
I Want To Hold Your Hand,Beatles,I Want To Hold Your Hand - Remastered 2015,The Beatles
I Want To Know What Love Is,Foreigner,I Want to Know What Love Is - 1999 Remaster,Foreigner
I Want You,Savage Garden,I Want You,Savage Garden
I Was Made To Love Her,Stevie Wonder,春風歌聲 - 修復版,李碧華
I Will Always Love You,Whitney Houston,I Will Always Love You,Whitney Houston
I Will Survive,Gloria Gaynor,I Will Survive - Single Version,Gloria Gaynor
I Wish It Would Rain,Temptations,I Wish It Would Rain,The Temptations
I Write Sins not Tragedies,Panic! At The Disco,I Write Sins Not Tragedies,Panic! At The Disco
I Write The Songs,Barry Manilow,I Write the Songs,Barry Manilow
I'd Really Love To See You Tonight,England Dan and John Ford Coley,I'd Really Love to See You Tonight - 2012 Remaster,England Dan & John Ford Coley
I'll Always Love You,Taylor Dayne,I'll Always Love You,Taylor Dayne
I'll Be Missing You,Puff Daddy,I'll Be Missing You,"Puff Daddy, 112, Faith Evans"
I'll Be There,Jackson 5,I'll Be There,The Jackson 5
I'll Be There,Mariah Carey,I'll Be There,"Mariah Carey, Cheree Price, Kelly Price, Henry Casper, Peggy Harley, Liz Stewart, Melonie Daniels, Trey Lorenz, Spencer Washington"
I'll Be There For You,Bon Jovi,I'll Be There For You,Bon Jovi
I'll Make Love To You,Boyz II Men,I'll Make Love To You,Boyz II Men
I'll Never Fall In Love Again,Tom Jones,I'll Never Fall In Love Again,Tom Jones
I'll Never Find Another You,Seekers,I'll Never Find Another You,The Seekers
I'll Remember,Madonna,I'll Remember (Theme from the Motion Picture With Honors),Madonna
I'll Take You There,Staple Singers,I'll Take You There,The Staple Singers
I'm A Believer,Monkees,I'm a Believer - 2006 Remaster,The Monkees
I'm Real,Jennifer Lopez,I'm Real (feat. Ja Rule),"Jennifer Lopez, Ja Rule"
I'm So Into You,SWV,I'm So Into You,SWV
I'm Sorry,Brenda Lee,I'm Sorry,Brenda Lee
I'm Too Sexy,Right Said Fred,I'm Too Sexy,Right Said Fred
I'm With You,Avril Lavigne,I'm with You,Avril Lavigne
I'm Your Angel,R. Kelly,I'm Your Angel (with Céline Dion),"R. Kelly, Céline Dion"
I'm Your Boogie Man,K.C. and The Sunshine Band,I'm Your Boogie Man,KC & The Sunshine Band
I'm Yours,Jason Mraz,I'm Yours,"Jason Mraz, St. Martin's Symphony Of Los Angeles, Ferdinand Lang"
If,Janet Jackson,If,Janet Jackson
If I Ain't Got You,Alicia Keys,If I Ain't Got You,Alicia Keys
If I Can't Have You,Yvonne Elliman,If I Can't Have You,Yvonne Elliman
If I Ever Fall In Love,Shai,If I Ever Fall In Love,Shai
If You Go,Jon Secada,If You Go,Jon Secada
If You Had My Love,Jennifer Lopez,If You Had My Love,Jennifer Lopez
If You're Gone,matchbox twenty,If You're Gone,Matchbox Twenty
Ignition,R. Kelly,Ignition - Remix,R. Kelly
Imma Be,Black Eyed Peas,Imma Be,Black Eyed Peas
In Da Club,50 Cent,In Da Club,50 Cent
In My Head,Jason Derulo,In My Head,Jason Derulo
In The Still Of The Nite,Boyz II Men,In The Still Of The Nite (I'll Remember),Boyz II Men
In the End,Linkin Park,In the End,Linkin Park
Incense And Peppermints,Strawberry Alarm Clock,Incense And Peppermints,Strawberry Alarm Clock
Independent Women Part I,Destiny's Child,"Independent Women, Pt. 1",Destiny's Child
Informer,Snow,Informer,Snow
Insensitive,Jann Arden,Insensitive,Jann Arden
Into You,Fabolous,Into You (feat. Tamia) - Main Mix,"Fabolous, Tamia"
Ironic,Alanis Morissette,Ironic - 2015 Remaster,Alanis Morissette
Irreplaceable,Beyonce,Irreplaceable,Beyoncé
Is This Love,Whitesnake,Is This Love - 2018 Remaster,Whitesnake
It Keeps Right On a-Hurtin',Johnny Tillotson,It Keeps Right on a Hurtin' - Remastered,Johnny Tillotson
It Must Have Been Love,Roxette,"It Must Have Been Love - From the Film ""Pretty Woman""",Roxette
It Wasn't Me,Shaggy,It Wasnt Me,Shaggy
It's All Coming Back To Me Now,Celine Dion,It's All Coming Back to Me Now,Céline Dion
It's Been Awhile,Staind,It's Been Awhile,Staind
It's Not Over,Daughtry,It's Not Over,Daughtry
It's Now Or Never,Elvis Presley,It's Now or Never,Elvis Presley
It's Still Rock And Roll To Me,Billy Joel,It's Still Rock and Roll to Me,Billy Joel
It's Your Thing,Isley Brothers,It's Your Thing,The Isley Brothers
Jean,Oliver,Jean,Oliver
Jessie's Girl,Rick Springfield,Jessie's Girl,Rick Springfield
Jive Talkin',Bee Gees,Jive Talkin',Bee Gees
Joy To The World,Three Dog Night,Joy To The World,Three Dog Night
Joyride,Roxette,Joyride,Roxette
Jump,Van Halen,Jump - 2015 Remaster,Van Halen
Jump,Pointer Sisters,Jump (For My Love),The Pointer Sisters
Jump,Kris Kross,Jump,Kris Kross
Jungle Boogie,Kool and The Gang,Jungle Boogie,Kool & The Gang
Just A Lil Bit,50 Cent,Just A Lil Bit,50 Cent
Just Another Day,Jon Secada,Just Another Day,Jon Secada
Just Can't Get Enough,Black Eyed Peas,Just Can’t Get Enough,Black Eyed Peas
Just Dance,Lady Gaga,Just Dance,"Lady Gaga, Colby O'Donis"
Just My Imagination,Temptations,Just My Imagination (Running Away With Me),The Temptations
Just The Two Of Us,Grover Washington Jr.,Just the Two of Us,"Grover Washington\, Jr."
Just The Way You Are,Billy Joel,Just the Way You Are,Billy Joel
Just The Way You Are,Bruno Mars,Just the Way You Are,Bruno Mars
Just The Way You Are,Bruno Mars,Just the Way You Are,Bruno Mars
Justify My Love,Madonna,Justify My Love,Madonna
Karma Chameleon,Culture Club,Karma Chameleon - Remastered 2002,Culture Club
Keep On Loving You,REO Speedwagon,Keep on Loving You,REO Speedwagon
Killing Me Softly With His Song,Roberta Flack,"A Town with an Ocean View (From ""Kiki's Delivery Service"")",Julien Ando
Kind Of A Drag,Buckinghams,Kind of a Drag,The Buckinghams
King Of The Road,Roger Miller,King Of The Road,Roger Miller
Kiss And Say Goodbye,Manhattans,Kiss and Say Goodbye,The Manhattans
Kiss Me,Sixpence None The Richer,Kiss Me - Top Ten Edit,Sixpence None The Richer
Kiss On My List,Daryl Hall and John Oates,Kiss on My List,Daryl Hall & John Oates
Kiss You All Over,Exile,Kiss You All Over,Exile
Knock On Wood,Amii Stewart,Knock On Wood,Amii Stewart
Knock Three Times,Dawn,Knock Three Times,The Dawn
Knock You Down,Keri Hilson,Knock You Down,"Keri Hilson, Kanye West, Ne-Yo"
Kryptonite,3 Doors Down,Kryptonite,3 Doors Down
Kung Fu Fighting,Carl Douglas,Kung Fu Fighting,Carl Douglas
Kyrie,Mr. Mister,Kyrie,Mr. Mister
La Bamba,Los Lobos,La Bamba,Los Lobos
La-La Means I Love You,Delfonics,La-La Means I Love You,The Delfonics
Lady,Kenny Rogers,Lady - Remastered 2006,Kenny Rogers
Lady Marmalade,Labelle,Lady Marmalade,LaBelle
Last Friday Night,Katy Perry,Last Friday Night (T.G.I.F.),Katy Perry
Last Kiss,Pearl Jam,Last Kiss,Pearl Jam
Last Train To Clarksville,Monkees,Last Train to Clarksville,The Monkees
Lately,Jodeci,Lately,Jodeci
Laughter In The Rain,Neil Sedaka,Laughter In The Rain,Neil Sedaka
Lay Down Sally,Eric Clapton,Lay Down Sally,Eric Clapton
Le Freak,Chic,Le Freak - 2018 Remaster,CHIC
Lean Back,Terror Squad,Lean Back,"Terror Squad, Fat Joe, Remy Ma"
Lean On,Major Lazer,Lean On - Dillon Francis & Jauz Remix,"Major Lazer, DJ Snake, MØ, Dillon Francis, Jauz"
Lean On Me,Bill Withers,Lean on Me,Bill Withers
Let Her Go,Passenger,Let Her Go,Passenger
Let It Be,Beatles,Let It Be - Remastered 2009,The Beatles
Let's Dance,David Bowie,Cuando Me Ves,"Dani Ribba, Tiago PZK"
Let's Get It On,Marvin Gaye,Let's Get It On,Marvin Gaye
Let's Hear It For The Boy,Deniece Williams,Let's Hear It for the Boy,Deniece Williams
Let's Stay Together,Al Green,Let's Stay Together,Al Green
Life Is A Highway,Tom Cochrane,Life Is A Highway,Tom Cochrane
Light My Fire,Doors,Light My Fire,The Doors
Lightnin' Strikes,Lou Christie,Lightnin' Strikes,Lou Christie
Lights,Ellie Goulding,Lights - Single Version,Ellie Goulding
Like A Virgin,Madonna,Like a Virgin,Madonna
Lips Are Movin,Meghan Trainor,Lips Are Movin,Meghan Trainor
Listen To Your Heart,Roxette,Listen To Your Heart,Roxette
Little Children,Billy J. Kramer and The Dakotas,Little Children,Billy J. Kramer & The Dakotas
Little Jeannie,Elton John,Little Jeannie,"Elton John, Gary Osborne, James Galway, Tom Kochan"
Livin' La Vida Loca,Ricky Martin,Livin' la Vida Loca,Ricky Martin
Livin' On A Prayer,Bon Jovi,"Foxy, Foxy",Rob Zombie
Locked Out Of Heaven,Bruno Mars,Locked out of Heaven,Bruno Mars
Lollipop,Lil Wayne,Lollipop,"Lil Wayne, Static Major"
London Bridge,Fergie,London Bridge,Fergie
Lonely No More,Rob Thomas,Lonely No More,Rob Thomas
Look Away,Chicago,Look Away,Chicago
Looking For A New Love,Jody Watley,Looking For A New Love - Radio Edit,"Jody Watley, Louil Silas Jr."
Lose Control,Missy Elliott,Lose Control (feat. Ciara & Fat Man Scoop),"Missy Elliott, Ciara, Fatman Scoop"
Lost In Love,Air Supply,終於知道,Jolie Chan
Loungin,LL Cool J,Loungin (Who Do Ya Luv) - Remix,LL COOL J
Love Hangover,Diana Ross,Love Hangover,Diana Ross
Love Hurts,Nazareth,Love Hurts - Single Edit,Nazareth
Love In This Club,Usher,Love in This Club (feat. Young Jeezy),"Usher, Jeezy"
Love Me Do,Beatles,Love Me Do - Remastered 2009,The Beatles
Love Me Like You Do,Ellie Goulding,"Love Me Like You Do - From ""Fifty Shades Of Grey""",Ellie Goulding
Love Song,Sara Bareilles,Love Song,Sara Bareilles
Love Story,Taylor Swift,Love Story,Taylor Swift
Love The Way You Lie,Eminem,Love The Way You Lie,"Eminem, Rihanna"
Love Will Keep Us Together,Captain and Tennille,Love Will Keep Us Together,Captain & Tennille
Love Will Never Do,Janet Jackson,Love Will Never Do (Without You),Janet Jackson
Lovin' You,Minnie Riperton,Lovin' You - Alternate Band Version,Minnie Riperton
Low,Flo Rida,Low (feat. T-Pain),"Flo Rida, T-Pain"
MMMBop,Hanson,MMMBop - Single Version,Hanson
Magic,Olivia Newton-John,Magic - Live,Olivia Newton-John
Magic Stick,Lil' Kim,Magic Stick,Lil' Kim
Make It With You,Bread,Hang It Up,The Ting Tings
Makes Me Wonder,Maroon 5,Makes Me Wonder,Maroon 5
Mama Told Me,Three Dog Night,Mama Told Me (Not To Come) - Single Version,Three Dog Night
Man In The Mirror,Michael Jackson,Man in the Mirror - 2012 Remaster,Michael Jackson
Maneater,Daryl Hall and John Oates,Maneater,Daryl Hall & John Oates
Margaritaville,Jimmy Buffett,Margaritaville,Jimmy Buffett
Me And Bobby McGee,Janis Joplin,Me and Bobby McGee,Janis Joplin
Me And Mrs. Jones,Billy Paul,Me and Mrs. Jones,Billy Paul
Midnight At The Oasis,Maria Muldaur,Midnight at the Oasis,Maria Muldaur
Mirrors,Justin Timberlake,Mirrors,Justin Timberlake
Miss You,Rolling Stones,Miss You - Remastered,The Rolling Stones
Miss You,Aaliyah,Miss You,Aaliyah
Miss You Much,Janet Jackson,Miss You Much,Janet Jackson
Missing,Everything But The Girl,Missing - 2013 Remaster,Everything But The Girl
Missing You,John Waite,Missing You - Single Version,John Waite
Mo Money Mo Problems,Notorious B.I.G.,Mo Money Mo Problems (feat. Puff Daddy & Mase) - 2014 Remaster,"The Notorious B.I.G., Mase, Diddy"
Money For Nothing,Dire Straits,Money For Nothing - Remastered 1996,Dire Straits
Mony Mony,Billy Idol,Mony Mony,Billy Idol
More Than Words,Extreme,More Than Words,Extreme
"More, More, More",Andrea True Connection,"More, More, More",Andrea True Connection
Morning Train,Sheena Easton,Morning Train (Nine to Five),Sheena Easton
Motownphilly,Boyz II Men,Motownphilly,Boyz II Men
Move Along,All-American Rejects,Move Along,The All-American Rejects
Move Ya Body,Nina Sky,Move Ya Body,"Nina Sky, Jabba"
Moves Like Jagger,Maroon 5,"Moves Like Jagger - Studio Recording From ""The Voice"" Performance","Maroon 5, Christina Aguilera"
Mr. Big Stuff,Jean Knight,Mr. Big Stuff,Jean Knight
Mr. Brightside,Killers,Mr. Brightside,The Killers
Mrs. Brown You've Got A Lovely Daughter,Herman's Hermits,Mrs Brown You've Got a Lovely Daughter - 1997 Remaster,Herman's Hermits
Mrs. Robinson,Simon and Garfunkel,Mrs. Robinson,Simon & Garfunkel
Music,Madonna,Music,Madonna
My All,Mariah Carey,My All,Mariah Carey
My Ding-A-Ling,Chuck Berry,My Ding-A-Ling,Chuck Berry
My Eyes Adored You,Frankie Valli,My Eyes Adored You,Frankie Valli
My Girl,Temptations,My Girl,The Temptations
My Guy,Mary Wells,My Guy,Mary Wells
My Heart Has A Mind Of Its Own,Connie Francis,My Heart Has A Mind Of Its Own,Connie Francis
My Heart Will Go On,Celine Dion,"My Heart Will Go On - Love Theme from ""Titanic""",Céline Dion
My Immortal,Evanescence,My Immortal,Evanescence
My Life Would Suck Without You,Kelly Clarkson,My Life Would Suck Without You,Kelly Clarkson
My Love,Petula Clark,My Love,Petula Clark
My Love,Paul McCartney,My Love - 2018 Remaster,Wings
My Lovin',En Vogue,My Lovin' (You're Never Gonna Get It),En Vogue
My Prerogative,Bobby Brown,My Prerogative,Bobby Brown
My Way,Usher,My Way,Usher
Naughty Girl,Beyonce,Naughty Girl,Beyoncé
Need You Now,Lady Antebellum,Need You Now,Lady A
Need You Tonight,INXS,Need You Tonight,INXS
Never,Heart,Never,Heart
Never Gonna Give You Up,Rick Astley,Never Gonna Give You Up,Rick Astley
Never Gonna Let You Go,Sergio Mendes,Never Gonna Let You Go,Sérgio Mendes
Never My Love,Association,Never My Love - Remastered Version,The Association
Night Fever,Bee Gees,Night Fever,Bee Gees
No Air,Jordin Sparks,No Air (feat. Chris Brown),"Jordin Sparks, Chris Brown"
No One,Alicia Keys,No One,Alicia Keys
"No, No, No",Destiny's Child,"No, No, No Pt. 2 (feat. Wyclef Jean)","Destiny's Child, Wyclef Jean"
Nobody,Keith Sweat,Nobody (feat. Athena Cage),"Keith Sweat, Athena Cage"
Nothing Compares 2 U,Sinead O'Connor,Nothing Compares 2 U - Live,Sinéad O'Connor
Nothing's Gonna Stop Us Now,Starship,Nothing's Gonna Stop Us Now,Starship
November Rain,Guns N' Roses,November Rain,Guns N' Roses
"Nuthin' But A ""G"" Thang",Dr. Dre,"Nuthin' But A ""G"" Thang","Dr. Dre, Snoop Dogg"
OMG,Usher,OMG (feat. will.i.am),"Usher, will.i.am"
Ode To Billie Joe,Bobby Gentry,Ode To Billie Joe,Bobbie Gentry
Oh,Ciara,Oh (feat. Ludacris),"Ciara, Ludacris"
Oh Girl,Chi-Lites,Oh Girl,The Chi-Lites
"Oh, Pretty Woman",Roy Orbison,"Oh, Pretty Woman",Roy Orbison
On Bended Knee,Boyz II Men,On Bended Knee,Boyz II Men
On My Own,Patti Labelle,On My Own,Patti LaBelle
On Our Own,Bobby Brown,On Our Own - With Rap,Bobby Brown
On The Floor,Jennifer Lopez,A Dónde Te Me Fuiste,"Mike Bahía, Cornelio Vega y su Dinastia, Ramon Vega"
One,Three Dog Night,One - Single Version,Three Dog Night
One Bad Apple,Osmonds,One Bad Apple,The Osmonds
One Hell Of A Woman,Mac Davis,One Hell Of A Woman,Mac Davis
One More Night,Maroon 5,One More Night,Maroon 5
One More Try,George Michael,One More Try,George Michael
One Sweet Day,Mariah Carey,One Sweet Day,"Mariah Carey, Boyz II Men"
Only The Lonely,Roy Orbison,Only the Lonely,Roy Orbison
Opposites Attract,Paula Abdul,Opposites Attract,Paula Abdul
Out Of Touch,Daryl Hall and John Oates,Out of Touch,Daryl Hall & John Oates
Owner Of A Lonely Heart,Yes,Owner of a Lonely Heart,Yes
P.I.M.P.,50 Cent,P.I.M.P.,50 Cent
Part-Time Lover,Stevie Wonder,Part-Time Lover,Stevie Wonder
Party All The Time,Eddie Murphy,Party All the Time,Eddie Murphy
Party Rock Anthem,LMFAO,Party Rock Anthem,"LMFAO, Lauren Bennett, GoonRock"
Payphone,Maroon 5,Payphone,Maroon 5
Peaches and Cream,112,Peaches & Cream,"112, Diddy"
People,Barbara Streisand,People (with Stevie Wonder),"Barbra Streisand, Stevie Wonder"
Philadelphia Freedom,Elton John,Philadelphia Freedom,Elton John
Physical,Olivia Newton-John,Physical,Olivia Newton-John
Pick Up The Pieces,Average White Band,Pick up the Pieces,Average White Band
Picture,Kid Rock,Picture (feat. Sheryl Crow),"Kid Rock, Sheryl Crow"
Play That Funky Music,Wild Cherry,Play That Funky Music,Wild Cherry
Please Don't Go,K.C. and The Sunshine Band,Please Don't Go,KC & The Sunshine Band
Please Please Me,Beatles,Please Please Me - Remastered 2009,The Beatles
Pocketful of Sunshine,Natasha Bedingfield,POCKETFUL OF SUNSHINE,Natasha Bedingfield
Poison,Bell Biv Devoe,Poison,Bell Biv DeVoe
Poker Face,Lady Gaga,Poker Face,Lady Gaga
Pon de Replay,Rihanna,Pon de Replay,Rihanna
Pony Time,Chubby Checker,Pony Time,Chubby Checker
Poor Side Of Town,Johnny Rivers,The Poor Side Of Town,Johnny Rivers
Pour Some Sugar On Me,Def Leppard,Pour Some Sugar On Me - Radio Edit,Def Leppard
Problem,Ariana Grande,Problem (Ariana Grande Cover),Pentatonix
Promiscuous,Nelly Furtado,Promiscuous,"Nelly Furtado, Timbaland"
Proud Mary,Creedence Clearwater Revival,Proud Mary,Creedence Clearwater Revival
Puff,"Peter, Paul and Mary",Puff Puff Pass,Drogu
Pump Up The Jam,Technotronic,Pump Up The Jam,Technotronic
Pumped Up Kicks,Foster The People,Pumped Up Kicks,Foster The People
Puppy Love,Paul Anka,Puppy Love - Remix,Paul Anka
Quit Playing Games,Backstreet Boys,Quit Playing Games (With My Heart),Backstreet Boys
Radioactive,Imagine Dragons,Fighter,"Christian Reindl, Power-Haus, Dream Harlowe"
Raindrops Keep Fallin' On My Head,B.J. Thomas,Raindrops Keep Fallin' on My Head - Rerecorded,B.J. Thomas
Rapture,Blondie,Rapture,Blondie
Reach Out I'll Be There,Four Tops,Reach Out I'll Be There - Single Version / Mono,Four Tops
Regulate,Warren G,Regulate,"Warren G, Nate Dogg"
Release Me,Wilson Phillips,Release Me,Wilson Phillips
Remember The Time,Michael Jackson,Remember the Time,Michael Jackson
Respect,Aretha Franklin,Respect,Aretha Franklin
Return Of The Mack,Mark Morrison,Misterioso,Bill Frisell
Rhinestone Cowboy,Glen Campbell,Rhinestone Cowboy - Remastered,Glen Campbell
Rich Girl,Daryl Hall and John Oates,Rich Girl,Daryl Hall & John Oates
Ride Like The Wind,Christopher Cross,Pueblo Latino,"Pete ""El Conde"" Rodriguez"
Ridin',Chamillionaire,Ridin',"Chamillionaire, Krayzie Bone"
Right Here Waiting,Richard Marx,Right Here Waiting,Richard Marx
"Right Here, Right Now",Jesus Jones,Right Here Right Now,Jesus Jones
Right Round,Flo Rida,Right Round,Flo Rida
Right Thurr,Chingy,Right Thurr,Chingy
Ring My Bell,Anita Ward,Ring My Bell,Anita Ward
Roar,Katy Perry,Roar,Katy Perry
Rock On,David Essex,Rock On,David Essex
Rock With You,Michael Jackson,Rock with You - Single Version,Michael Jackson
Roll With It,Steve Winwood,Roll With It - 2010 Remaster,Steve Winwood
Roses Are Red,Bobby Vinton,Roses are Red (My Love),Bobby Vinton
Royals,Lorde,Royals,Lorde
Royals,Lorde,Royals,Lorde
Rub You The Right Way,Johnny Gill,Rub You The Right Way,Johnny Gill
Rude Boy,Rihanna,Rude Boy,Rihanna
Rump Shaker,Wreckx-N-Effect,Rump Shaker,Wreckx-N-Effect
Run-Around,Blues Traveler,Run-Around,Blues Traveler
Runaway,Del Shannon,Runaway,Del Shannon
Runaway Train,Soul Asylum,Runaway Train (2022 Remaster),Soul Asylum
Running Scared,Roy Orbison,Running Scared,Roy Orbison
Rush Rush,Paula Abdul,Rush Rush,Paula Abdul
S&M,Rihanna,S&M,Rihanna
SOS,Rihanna,SOS,Rihanna
Sara Smile,Daryl Hall and John Oates,Sara Smile,Daryl Hall & John Oates
Save Tonight,Eagle-Eye Cherry,Save Tonight,Eagle-Eye Cherry
Saving All My Love For You,Whitney Houston,Saving All My Love for You,Whitney Houston
Say It Isn't So,Daryl Hall and John Oates,Say It Isn't So,Daryl Hall & John Oates
Say It Right,Nelly Furtado,Say It Right,Nelly Furtado
Say My Name,Destiny's Child,Say My Name,Destiny's Child
Say Say Say,Paul McCartney,Say Say Say,"Paul McCartney, Michael Jackson"
"Say You, Say Me",Lionel Richie,La Mujer De Mi Vida,"Ricardo Montaner, Maurizio Macchioni and Renato Cantelle"
Seasons In The Sun,Terry Jacks,Seasons in the Sun,Terry Jacks
Secret Lovers,Atlantic Starr,Secret Lovers,Atlantic Starr
See You Again,Wiz Khalifa,See You Again (feat. Charlie Puth),"Wiz Khalifa, Charlie Puth"
Self Control,Laura Branigan,Self Control,Laura Branigan
Semi-Charmed Life,Third Eye Blind,寶貝18,"李宜柏PAULYBLEE, MAO, LEEZY"
Sexy And I Know It,LMFAO,Lmfao - Sexy & I Know It,MARDI GRAS
Sexy Can I,Ray J,Sexy Can I,"Ray J, Yung Berg"
Sexyback,Justin Timberlake,SexyBack (feat. Timbaland),"Justin Timberlake, Timbaland"
Shadow Dancing,Andy Gibb,Shadow Dancing,Andy Gibb
Shake It Off,Mariah Carey,Shake It Off,Mariah Carey
Shake It Off,Taylor Swift,Shake It Off,Taylor Swift
Shake It Off,Taylor Swift,Shake It Off,Taylor Swift
Shake It Up,Cars,Shake It Up - 2017 Remaster,The Cars
Shakedown,Bob Seger,Shakedown,Bob Seger
Shame On The Moon,Bob Seger,Shame On The Moon,Bob Seger
She Blinded Me With Science,Thomas Dolby,She Blinded Me With Science,Thomas Dolby
She Drives Me Crazy,Fine Young Cannibals,She Drives Me Crazy,Fine Young Cannibals
She Loves You,Beatles,She Loves You - Mono / Remastered,The Beatles
She's A Fool,Lesley Gore,She's A Fool (Rerecorded),Lesley Gore
Sheila,Tommy Roe,Sheila,Tommy Roe
Shining Star,"Earth, Wind and Fire",Shining Star,"Earth\, Wind & Fire"
Shining Star,Manhattans,Shining Star,The Manhattans
Shotgun,Jr. Walker and The All Stars,Shotgun,Jr. Walker & The All Stars
Shout,Tears For Fears,Shout,Tears For Fears
Show And Tell,Al Wilson,Show and Tell,Al Wilson
Show Me Love,Robin S.,Show Me Love,Robin S
Shut Up and Dance,Walk The Moon,Shut Up and Dance,WALK THE MOON
Sideshow,Blue Magic,Sideshow,Blue Magic
Silhouettes,Herman's Hermits,Silhouettes,Herman's Hermits
Silly Love Songs,Wings,Silly Love Songs - 2014 Remaster,Wings
Simply Irresistible,Robert Palmer,Simply Irresistible,Robert Palmer
Since U Been Gone,Kelly Clarkson,Since U Been Gone,Kelly Clarkson
Single Ladies,Beyonce,Single Ladies (Put a Ring on It),Beyoncé
Sir Duke,Stevie Wonder,Sir Duke,Stevie Wonder
Sittin' Up In My Room,Brandy,Sittin' Up In My Room - from Waiting to Exhale - Original Soundtrack,Brandy
Sledgehammer,Peter Gabriel,Sledgehammer,Peter Gabriel
Slide,Goo Goo Dolls,Slide - Warner Sound Sessions,The Goo Goo Dolls
Slow Hand,Pointer Sisters,Slow Hand,The Pointer Sisters
Slow Twistin',Chubby Checker,Slow Twistin',"Chubby Checker, Dee Dee Sharp"
Smack That,Akon,Smack That (In the Style of Akon & Eminem) [Karaoke Version],Ameritz Audio Karaoke
Smiling Faces Sometimes,Undisputed Truth,Smiling Faces Sometimes,The Undisputed Truth
So Emotional,Whitney Houston,So Emotional,Whitney Houston
So Sick,Ne-Yo,So Sick,Ne-Yo
Soldier Boy,Shirelles,Soldier Boy,The Shirelles
Somebody That I Used To Know,Gotye,Somebody I Used to Know - Tiësto Remix,"Gotye, Kimbra"
Someday,Mariah Carey,Someday,Mariah Carey
Someday,Nickelback,Someday,Nickelback
Somethin' Stupid,Nancy Sinatra,Somethin' Stupid (with Frank Sinatra),Nancy Sinatra
Soul Man,Sam and Dave,Soul Man,Sam & Dave
Southern Nights,Glen Campbell,Southern Nights,Glen Campbell
Spill The Wine,Eric Burdon,Spill the Wine,"Eric Burdon, War"
Spirit In The Sky,Norman Greenbaum,Spirit In The Sky,Norman Greenbaum
St. Elmo's Fire,John Parr,St. Elmos Fire (Man in Motion),John Parr
Starships,Nicki Minaj,Starships,Nicki Minaj
Stay,Lisa Loeb,Stay (I Missed You),Lisa Loeb & Nine Stories
Stay,Rihanna,Stay,"Rihanna, Mikky Ekko"
Stay With Me,Sam Smith,Stay With Me,Sam Smith
Stayin' Alive,Bee Gees,Stayin Alive,Bee Gees
Still,Commodores,Still,Commodores
Stop! In The Name Of Love,Supremes,Stop! In The Name Of Love - Single Version,The Supremes
Straight Up,Paula Abdul,Straight Up,Paula Abdul
Strangers In The Night,Frank Sinatra,Strangers In The Night,Frank Sinatra
Stronger,Kelly Clarkson,Stronger (What Doesn't Kill You),Kelly Clarkson
Stuck On You,Elvis Presley,Stuck on You,Elvis Presley
Stuck With You,Huey Lewis and The News,Stuck With You,Huey Lewis & The News
Stumblin' In,Suzi Quatro,Stumblin' In,"Suzi Quatro, Chris Norman"
Sugar,Maroon 5,Sugar,Maroon 5
"Sugar, Sugar",Archies,"Sugar, Sugar",The Archies
Summer In The City,Lovin' Spoonful,Summer in the City,The Lovin' Spoonful
Sunshine,Lil' Flip,Sunshine (feat. Lea),"Lil' Flip, Lea"
Sunshine On My Shoulders,John Denver,Sunshine On My Shoulders,John Denver
Super Bass,Nicki Minaj,Super Bass,Nicki Minaj
Surfin' U.S.A.,Beach Boys,Surfin' U.S.A.,The Beach Boys
Survivor,Destiny's Child,Survivor,Destiny's Child
Suspicious Minds,Elvis Presley,Suspicious Minds,Elvis Presley
Sweet Caroline,Neil Diamond,Sweet Caroline,Neil Diamond
Sweet Child O' Mine,Guns N' Roses,Sweet Child O' Mine,Guns N' Roses
Sweet Dreams,Eurythmics,Sweet Dreams (Are Made of This) - Remastered,"Eurythmics, Annie Lennox, Dave Stewart"
Sweet Nothin's,Brenda Lee,Sweet Nothin's,Brenda Lee
Sweet Soul Music,Arthur Conley,Sweet Soul Music,Arthur Conley
Tainted Love,Soft Cell,Tainted Love,Soft Cell
Take A Bow,Madonna,Take a Bow,Madonna
Take A Bow,Rihanna,Take A Bow,Rihanna
"Take Me Home, Country Roads",John Denver,"Take Me Home, Country Roads",John Denver
Take Me To Church,Hozier,Take Me To Church,Hozier
Take On Me,a-ha,Take on Me,a-ha
Talk Dirty,Jason Derulo,Talk Dirty - Sax Version,Jason Derulo
Team,Lorde,Team,Lorde
Tears In Heaven,Eric Clapton,Tears in Heaven,Eric Clapton
Teenage Dream,Katy Perry,Teenage Dream,Katy Perry
Telephone,Lady Gaga,Telephone,"Lady Gaga, Beyoncé"
Telephone Line,Electric Light Orchestra,Telephone Line,Electric Light Orchestra
Temperature,Sean Paul,Temperature,Sean Paul
Tha Crossroads,Bone Thugs-N-Harmony,Tha Crossroads,Bone Thugs-N-Harmony
Thank God I'm A Country Boy,John Denver,Thank God I'm a Country Boy,John Denver
That's The Way Love Goes,Janet Jackson,That's The Way Love Goes,Janet Jackson
The Boy Is Mine,Brandy,The Boy Is Mine,"Brandy, Monica"
The Climb,Miley Cyrus,The Climb,Miley Cyrus
The End Of The World,Skeeter Davis,The End of the World,Skeeter Davis
The First Time,Surface,The First Time,Surface
The First Time Ever I Saw Your Face,Roberta Flack,The First Time Ever I Saw Your Face,Roberta Flack
The Flame,Cheap Trick,The Flame,Cheap Trick
The Freshmen,Verve Pipe,The Freshmen,The Verve Pipe
The Heat Is On,Glenn Frey,"The Heat Is On - From ""Beverly Hills Cop"" Soundtrack",Glenn Frey
The Hills,The Weeknd,Juice,"M.I.C., Quincy"
The Hustle,Van McCoy,The Hustle,Van McCoy & The Soul City Symphony
The Lady In Red,Chris De Burgh,The Lady In Red,Chris de Burgh
The Letter,Box Tops,The Letter,The Box Tops
The Loco-Motion,Grand Funk Railroad,The Loco-Motion - Remastered 2002,Grand Funk Railroad
The Look,Roxette,The Look,Roxette
The Love You Save,Jackson 5,"The Love You Save - Live at the Forum, 1970",The Jackson 5
The Middle,Jimmy Eat World,Saturdays,Chevelle
The Monster,Eminem,The Monster (feat. Rihanna),"Eminem, Rihanna"
The Night They Drove Old Dixie Down,Joan Baez,The Night They Drove Old Dixie Down,Joan Baez
The One Who Really Loves You,Mary Wells,The One Who Really Loves You - Single Version,Mary Wells
The Power Of Love,Huey Lewis and The News,The Power Of Love,Huey Lewis & The News
The Power Of Love,Celine Dion,The Power Of Love - Live à Paris,Céline Dion
The Reason,Hoobastank,The Reason,Hoobastank
The Sign,Ace Of Base,The Sign,Ace of Base
The Streak,Ray Stevens,The Streak,Ray Stevens
The Sweet Escape,Gwen Stefani,The Sweet Escape,"Gwen Stefani, Akon"
The Tide Is High,Blondie,The Tide Is High,Blondie
The Twist,Chubby Checker,The Twist,Chubby Checker
The Twist,Chubby Checker,The Twist,Chubby Checker
The Way I Are,Timbaland,The Way I Are,"Timbaland, Keri Hilson, D.O.E."
The Way It Is,Bruce Hornsby and The Range,The Way It Is,Bruce Hornsby and the Range
The Way We Were,Barbra Streisand,The Way We Were,Barbra Streisand
The Way You Move,OutKast,The Way You Move (feat. Sleepy Brown),"Outkast, Sleepy Brown"
The Winner Takes It All,ABBA,The Winner Takes It All,ABBA
There'll Be Sad Songs,Billy Ocean,There'll Be Sad Songs (To Make You Cry),Billy Ocean
These Boots Are Made For Walkin',Nancy Sinatra,These Boots Are Made For Walkin',Nancy Sinatra
Thinking Out Loud,Ed Sheeran,528 Hz Anxiety Relief,"Miracle Tones, Solfeggio Healing Frequencies MT"
This Diamond Ring,Gary Lewis and The Playboys,This Diamond Ring,Gary Lewis & The Playboys
This Guy's In Love With You,Herb Alpert,This Guy's in Love with You,Herb Alpert
This Is How We Do It,Montell Jordan,This Is How We Do It,Montell Jordan
This Is Why I'm Hot,Mims,This Is Why I'm Hot,MiMS
This Love,Maroon 5,This Love,Maroon 5
This Used To Be My Playground,Madonna,This Used to Be My Playground,Madonna
Thong Song,Sisqo,Thong Song,Sisqo
Three Times A Lady,Commodores,Three Times A Lady - Single Version,Commodores
Thrift Shop,Macklemore,Thrift Shop (feat. Wanz),"Macklemore & Ryan Lewis, Macklemore, Ryan Lewis, Wanz"
TiK ToK,Ke$ha,Bassackwards,Kurt Vile
Timber,Pitbull,Timber (feat. Ke$ha),"Pitbull, Kesha"
Time After Time,Cyndi Lauper,Time After Time,Cyndi Lauper
Tired Of Being Alone,Al Green,Tired of Being Alone,Al Green
To Be With You,Mr. Big,To Be With You - 2021 Remastered,Mr. Big
To Sir With Love,Lulu,To Sir With Love (From 'To Sir With Love') - 2005 Remastered Version,Lulu
Tonight,Enrique Iglesias,Tonight (I'm Fuckin' You),"Enrique Iglesias, Ludacris, DJ Frank E"
Tonight's The Night,Rod Stewart,Tonight's the Night (Gonna Be Alright) - 2009 Remaster,Rod Stewart
Too Busy Thinking About My Baby,Marvin Gaye,Too Busy Thinking About My Baby - Single Version / Mono,Marvin Gaye
Too Much Heaven,Bee Gees,Too Much Heaven,Bee Gees
Total Eclipse Of The Heart,Bonnie Tyler,Total Eclipse of the Heart,Bonnie Tyler
Touch Me In The Morning,Diana Ross,Touch Me In The Morning - Single Version,Diana Ross
Touch My Body,Mariah Carey,Touch My Body,Mariah Carey
Tragedy,Bee Gees,Tragedy,Bee Gees
Trap Queen,Fetty Wap,Trap Queen,Fetty Wap
Travelin' Man,Ricky Nelson,Travelin' Man - Remastered,Ricky Nelson
Truly Madly Deeply,Savage Garden,Truly Madly Deeply,Savage Garden
Try Again,Aaliyah,Try Again,Aaliyah
Turn Down For What,DJ Snake,Turn Down for What,"DJ Snake, Lil Jon"
Twilight Zone,Golden Earring,Twilight Zone,Golden Earring
Twisted,Keith Sweat,Twisted,Keith Sweat
Twistin' The Night Away,Sam Cooke,Twistin' the Night Away,Sam Cooke
Two Hearts,Phil Collins,Two Hearts,Phil Collins
U Don't have to Call,Usher,U Don't Have to Call,Usher
U Got it Bad,Usher,U Got It Bad,Usher
U Remind Me,Usher,U Remind Me,Usher
Umbrella,Rihanna,Umbrella,"Rihanna, JAY-Z"
Un-Break My Heart,Toni Braxton,Un-Break My Heart,Toni Braxton
Unbelievable,EMF,Unbelievable,EMF
Under The Bridge,Red Hot Chili Peppers,Under the Bridge,Red Hot Chili Peppers
Until You Come Back To Me,Aretha Franklin,Until You Come Back to Me (That's What I'm Gonna Do),Aretha Franklin
Unwell,matchbox twenty,Unwell - 2007 Remaster,Matchbox Twenty
Unwritten,Natasha Bedingfield,Unwritten,Natasha Bedingfield
Upside Down,Diana Ross,Upside Down,Diana Ross
Uptown Funk!,Mark Ronson,Uptown Funk,"The Ayoub Sisters, Royal Philharmonic Orchestra, Mark Messenger"
Use Somebody,Kings Of Leon,Use Somebody,Kings of Leon
Vision Of Love,Mariah Carey,Vision of Love,Mariah Carey
Viva La Vida,Coldplay,Viva La Vida,Coldplay
Vogue,Madonna,Vogue,Madonna
Waiting For A Girl Like You,Foreigner,Waiting for a Girl like You,Foreigner
Wake Me Up!,Avicii,Wake Me Up,Avicii
Wake Me Up!,Avicii,Wake Me Up,Avicii
Walk Like An Egyptian,Bangles,Walk Like an Egyptian,The Bangles
Wannabe,Spice Girls,Wannabe,Spice Girls
Want To Want Me,Jason Derulo,Want to Want Me,Jason Derulo
War,Edwin Starr,War,Edwin Starr
Water Runs Dry,Boyz II Men,Water Runs Dry,Boyz II Men
We Belong Together,Mariah Carey,We Belong Together,Mariah Carey
We Built This City,Starship,We Built This City,Starship
We Can Work It Out,Beatles,We Can Work It Out - Remastered 2015,The Beatles
We Can't Stop,Miley Cyrus,A Dónde Va el Amor,Ricardo Arjona
We Found Love,Rihanna,We Found Love,"Rihanna, Calvin Harris"
We're An American Band,Grand Funk Railroad,We're An American Band - Remastered 2002,Grand Funk Railroad
Weak,SWV,Weak,SWV
West End Girls,Pet Shop Boys,West End Girls - 2001 Remaster,Pet Shop Boys
What A Fool Believes,Doobie Brothers,What a Fool Believes,The Doobie Brothers
What A Girl Wants,Christina Aguilera,What a Girl Wants,Christina Aguilera
What Becomes Of The Brokenhearted,Jimmy Ruffin,What Becomes Of The Brokenhearted,Jimmy Ruffin
What Goes Around Comes Around,Justin Timberlake,What Goes Around.../...Comes Around (Interlude),Justin Timberlake
What Makes You Beautiful,One Direction,What Makes You Beautiful,One Direction
What's Going On,Marvin Gaye,What's Going On,Marvin Gaye
What's Love Got To Do With It,Tina Turner,What's Love Got to Do with It,Tina Turner
What's Luv?,Fat Joe,What's Luv? (feat. Ja-Rule & Ashanti),"Fat Joe, Ja Rule, Ashanti"
What's My Name?,Rihanna,What's My Name?,"Rihanna, Drake"
Whatta Man,Salt-N-Pepa,Whatta Man,"Salt-N-Pepa, En Vogue"
When A Man Loves A Woman,Percy Sledge,When a Man Loves a Woman,Percy Sledge
When I Was Your Man,Bruno Mars,When I Was Your Man,Bruno Mars
When I'm Gone,3 Doors Down,When I'm Gone,3 Doors Down
When You're In Love With A Beautiful Woman,Dr. Hook,When You're In Love With A Beautiful Woman,Dr. Hook
Where Did Our Love Go,Supremes,Where Did Our Love Go,The Supremes
Where Have You Been,Rihanna,Where Have You Been,Rihanna
Where My Girls At?,702,Where My Girls At,702
Where The Boys Are,Connie Francis,Where The Boys Are,Connie Francis
Wherever You Will Go,Calling,Wherever You Will Go,The Calling
Whistle,Flo Rida,Whistle,Flo Rida
Why Me,Kris Kristofferson,Why Me,"Kris Kristofferson, Antonio Rossi & His Orchestra"
Wide Awake,Katy Perry,Wide Awake,Katy Perry
Wild Night,John Mellencamp,Wild Night,"John Mellencamp, Meshell Ndegeocello"
Wild One,Bobby Rydell,Wild One,Bobby Rydell
Wild Ones,Flo Rida,Wild Ones (feat. Sia),"Flo Rida, Sia"
Will It Go Round In Circles,Billy Preston,Will It Go Round In Circles,Billy Preston
Windy,Association,Windy,The Association
Wishing Well,Terence Trent d'Arby,Wishing Well,Sananda Maitreya
With A Little Luck,Wings,With A Little Luck - Remastered 1993,Wings
With Or Without You,U2,"With Or Without You - Live From The Fleet Center, Boston, MA, USA / 2001",U2
With You I'm Born Again,Billy Preston,With You I'm Born Again,"Billy Preston, Syreeta"
Without Me,Eminem,Without Me,Eminem
Woman,John Lennon,Woman - Remastered 2010,John Lennon
Worth It,Fifth Harmony,Tulsi,"Nyasa, Gaurav Chati"
Wrecking Ball,Miley Cyrus,Wrecking Ball,Miley Cyrus
Y.M.C.A.,Village People,Y.M.C.A.,Village People
Yeah!,Usher,Yeah! (feat. Lil Jon & Ludacris),"Usher, Lil Jon, Ludacris"
You And I,Eddie Rabbitt,I Just Want to Love You - 2008 Version,Eddie Rabbitt
You And Me,Lifehouse,You And Me,Lifehouse
You Are Not Alone,Michael Jackson,You Are Not Alone,Michael Jackson
You Are The Sunshine Of My Life,Stevie Wonder,You Are The Sunshine Of My Life,Stevie Wonder
You Belong With Me,Taylor Swift,You Belong With Me (Taylor’s Version),Taylor Swift
You Can't Hurry Love,Supremes,You Can't Hurry Love,The Supremes
You Don't Bring Me Flowers,Barbra Streisand,You Don't Bring Me Flowers,"Neil Diamond, Barbra Streisand"
You Gotta Be,Des'ree,You Gotta Be,Des'ree
You Make Me Feel Like Dancing,Leo Sayer,You Make Me Feel Like Dancing,Leo Sayer
You Make Me Wanna...,Usher,You Make Me Wanna...,Usher
You Make Me Wanna...,Usher,You Make Me Wanna...,Usher
You Mean The World To Me,Toni Braxton,You Mean the World to Me,Toni Braxton
You Sang To Me,Marc Anthony,You Sang To Me,Marc Anthony
You Sexy Thing,Hot Chocolate,You Sexy Thing,Hot Chocolate
You're Beautiful,James Blunt,You're Beautiful,James Blunt
You're So Vain,Carly Simon,You're so Vain,Carly Simon
You're Still The One,Shania Twain,You're Still The One,Shania Twain
You're The One That I Want,John Travolta,You're The One That I Want - From “Grease”,"John Travolta, Olivia Newton-John"
You're The Reason I'm Living,Bobby Darin,You're The Reason I'm Living - Remastered,Bobby Darin
You've Got A Friend,James Taylor,You've got a Friend,James Taylor
