title,artist,Hit
Hold On,Wilson Phillips,True
It Must Have Been Love,Roxette,True
Nothing Compares 2 U,Sinead O'Connor,True
Poison,Bell Biv Devoe,True
Vogue,Madonna,True
Vision Of Love,Mariah Carey,True
Another Day In Paradise,Phil Collins,True
Hold On,En Vogue,True
Cradle Of Love,Billy Idol,True
Blaze Of Glory,Jon Bon Jovi,True
Do Me!,Bell Biv Devoe,True
How Am I Supposed To Live Without You,Michael Bolton,True
Pump Up The Jam,Technotronic,True
Opposites Attract,Paula Abdul,True
Escapade,Janet Jackson,True
All I Wanna Do Is Make Love To You,Heart,True
Close To You,Maxi Priest,True
Black Velvet,Alannah Myles,True
Release Me,Wilson Phillips,True
Don't Know Much,Linda Ronstadt,True
What's Love Got To Do With It,Tina Turner,True
Say Say Say,Paul McCartney,True
Footloose,Kenny Loggins,True
Against All Odds,Phil Collins,True
Jump,Van Halen,True
Hello,Lionel Richie,True
Owner Of A Lonely Heart,Yes,True
Ghostbusters,Ray Parker Jr.,True
Karma Chameleon,Culture Club,True
Missing You,John Waite,True
All Night Long,Lionel Richie,True
Let's Hear It For The Boy,Deniece Williams,True
Dancing In The Dark,Bruce Springsteen,True
Girls Just Want To Have Fun,Cyndi Lauper,True
Time After Time,Cyndi Lauper,True
Jump,Pointer Sisters,True
Self Control,Laura Branigan,True
Like A Virgin,Madonna,True
I Want To Know What Love Is,Foreigner,True
I Feel For You,Chaka Khan,True
Out Of Touch,Daryl Hall and John Oates,True
Everybody Wants To Rule The World,Tears For Fears,True
Money For Nothing,Dire Straits,True
Crazy For You,Madonna,True
Take On Me,a-ha,True
Everytime You Go Away,Paul Young,True
Can't Fight This Feeling,REO Speedwagon,True
We Built This City,Starship,True
The Power Of Love,Huey Lewis and The News,True
Don't You,Simple Minds,True
Cherish,Kool and The Gang,True
St. Elmo's Fire,John Parr,True
The Heat Is On,Glenn Frey,True
(Everything I Do) I Do It For You,Bryan Adams,True
Gonna Make You Sweat,C+C Music Factory,True
Rush Rush,Paula Abdul,True
Unbelievable,EMF,True
More Than Words,Extreme,True
The First Time,Surface,True
Motownphilly,Boyz II Men,True
Because I Love You,Stevie B,True
Someday,Mariah Carey,True
All The Man That I Need,Whitney Houston,True
"Right Here, Right Now",Jesus Jones,True
Love Will Never Do,Janet Jackson,True
Good Vibrations,Marky Mark and The Funky Bunch,True
Shadow Dancing,Andy Gibb,True
Night Fever,Bee Gees,True
Stayin' Alive,Bee Gees,True
Kiss You All Over,Exile,True
How Deep Is Your Love,Bee Gees,True
Baby Come Back,Player,True
(Love Is) Thicker Than Water,Andy Gibb,True
Three Times A Lady,Commodores,True
Grease,Frankie Valli,True
You're The One That I Want,John Travolta,True
Lay Down Sally,Eric Clapton,True
Miss You,Rolling Stones,True
Just The Way You Are,Billy Joel,True
With A Little Luck,Wings,True
If I Can't Have You,Yvonne Elliman,True
"Dance, Dance, Dance",Chic,True
Walk Like An Egyptian,Bangles,True
Alone,Heart,True
I Wanna Dance With Somebody,Whitney Houston,True
Nothing's Gonna Stop Us Now,Starship,True
C'est La Vie,Robbie Nevil,True
Here I Go Again,Whitesnake,True
The Way It Is,Bruce Hornsby and The Range,True
Shakedown,Bob Seger,True
Livin' On A Prayer,Bon Jovi,True
La Bamba,Los Lobos,True
Everybody Have Fun Tonight,Wang Chung,True
Don't Dream It's Over,Crowded House,True
Always,Atlantic Starr,True
With Or Without You,U2,True
Looking For A New Love,Jody Watley,True
Mony Mony,Billy Idol,True
I Will Always Love You,Whitney Houston,True
Can't Help Falling In Love,UB40,True
That's The Way Love Goes,Janet Jackson,True
Weak,SWV,True
If I Ever Fall In Love,Shai,True
Dreamlover,Mariah Carey,True
Rump Shaker,Wreckx-N-Effect,True
Informer,Snow,True
"Nuthin' But A ""G"" Thang",Dr. Dre,True
In The Still Of The Nite,Boyz II Men,True
Don't Walk Away,Jade,True
Lately,Jodeci,True
Show Me Love,Robin S.,True
A Whole New World,Peabo Bryson,True
If,Janet Jackson,True
I'm So Into You,SWV,True
End Of The Road,Boyz II Men,True
Baby Got Back,Sir Mix-a-Lot,True
Jump,Kris Kross,True
Tears In Heaven,Eric Clapton,True
My Lovin',En Vogue,True
Under The Bridge,Red Hot Chili Peppers,True
Just Another Day,Jon Secada,True
I Love Your Smile,Shanice,True
To Be With You,Mr. Big,True
I'm Too Sexy,Right Said Fred,True
Black Or White,Michael Jackson,True
Achy Breaky Heart,Billy Ray Cyrus,True
I'll Be There,Mariah Carey,True
November Rain,Guns N' Roses,True
Life Is A Highway,Tom Cochrane,True
Remember The Time,Michael Jackson,True
Finally,CeCe Peniston,True
MMMBop,Hanson,True
"Say You, Say Me",Lionel Richie,True
On My Own,Patti Labelle,True
Broken Wings,Mr. Mister,True
How Will I Know,Whitney Houston,True
Party All The Time,Eddie Murphy,True
Burning Heart,Survivor,True
Kyrie,Mr. Mister,True
Addicted To Love,Robert Palmer,True
Greatest Love Of All,Whitney Houston,True
Secret Lovers,Atlantic Starr,True
Centerfold,J. Geils Band,True
West End Girls,Pet Shop Boys,True
There'll Be Sad Songs,Billy Ocean,True
Alive And Kicking,Simple Minds,True
Never,Heart,True
Higher Love,Steve Winwood,True
Le Freak,Chic,True
Da Ya Think I'm Sexy,Rod Stewart,True
I Will Survive,Gloria Gaynor,True
Y.M.C.A.,Village People,True
Ring My Bell,Anita Ward,True
Too Much Heaven,Bee Gees,True
When You're In Love With A Beautiful Woman,Dr. Hook,True
Fire,Pointer Sisters,True
Tragedy,Bee Gees,True
A Little More Love,Olivia Newton-John,True
Heart Of Glass,Blondie,True
What A Fool Believes,Doobie Brothers,True
Good Times,Chic,True
"Sugar, Sugar",Archies,True
I Can't Get Next To You,Temptations,True
Honky Tonk Women,Rolling Stones,True
Everyday People,Sly and The Family Stone,True
Dizzy,Tommy Roe,True
Hot Fun In The Summertime,Sly and The Family Stone,True
I'll Never Fall In Love Again,Tom Jones,True
Crimson And Clover,Tommy James and The Shondells,True
One,Three Dog Night,True
Crystal Blue Persuasion,Tommy James and The Shondells,True
Hair,Cowsills,True
Too Busy Thinking About My Baby,Marvin Gaye,True
Suspicious Minds,Elvis Presley,True
Proud Mary,Creedence Clearwater Revival,True
Physical,Olivia Newton-John,True
Eye Of The Tiger,Survivor,True
I Love Rock N' Roll,Joan Jett,True
Ebony And Ivory,Paul McCartney,True
Poor Side Of Town,Johnny Rivers,True
Don't You Want Me,Human League,True
Abracadabra,Steve Miller Band,True
Hard To Say I'm Sorry,Chicago,True
Tainted Love,Soft Cell,True
I Can't Go For That,Daryl Hall,True
Waiting For A Girl Like You,Foreigner,True
Don't Talk To Strangers,Rick Springfield,True
One Sweet Day,Mariah Carey,True
Because You Loved Me,Celine Dion,True
Always Be My Baby,Mariah Carey,True
Give Me One Reason,Tracy Chapman,True
Tha Crossroads,Bone Thugs-N-Harmony,True
Twisted,Keith Sweat,True
Missing,Everything But The Girl,True
Ironic,Alanis Morissette,True
Exhale,Whitney Houston,True
Sittin' Up In My Room,Brandy,True
It's All Coming Back To Me Now,Celine Dion,True
Change The World,Eric Clapton,True
Hey Lover,LL Cool J,True
I'll Be Missing You,Puff Daddy,True
Un-Break My Heart,Toni Braxton,True
Can't Nobody Hold Me Down,Puff Daddy,True
I Believe I Can Fly,R. Kelly,True
Don't Let Go,En Vogue,True
Return Of The Mack,Mark Morrison,True
How Do I Live,LeAnn Rimes,True
Wannabe,Spice Girls,True
Quit Playing Games,Backstreet Boys,True
You Make Me Wanna...,Usher,True
Bitch,Meredith Brooks,True
Nobody,Keith Sweat,True
Semi-Charmed Life,Third Eye Blind,True
Mo Money Mo Problems,Notorious B.I.G.,True
Every Breath You Take,Police,True
Billie Jean,Michael Jackson,True
Flashdance... What A Feeling,Irene Cara,True
Down Under,Men At Work,True
Beat It,Michael Jackson,True
Total Eclipse Of The Heart,Bonnie Tyler,True
Maneater,Daryl Hall and John Oates,True
Sweet Dreams,Eurythmics,True
Do You Really Want To Hurt Me,Culture Club,True
You And I,Eddie Rabbitt,True
Come On Eileen,Dexy's Midnight Runners,True
Shame On The Moon,Bob Seger,True
Never Gonna Let You Go,Sergio Mendes,True
Let's Dance,David Bowie,True
Twilight Zone,Golden Earring,True
Hey Jude,Beatles,True
(Sittin' On) The Dock Of The Bay,Otis Redding,True
This Guy's In Love With You,Herb Alpert,True
Mrs. Robinson,Simon and Garfunkel,True
Harper Valley P.T.A.,Jeannie C. Riley,True
"Hello, I Love You",Doors,True
Cry Like A Baby,Box Tops,True
Dance To The Music,Sly and The Family Stone,True
Gangsta's Paradise,Coolio,True
On Bended Knee,Boyz II Men,True
Fantasy,Mariah Carey,True
Take A Bow,Madonna,True
This Is How We Do It,Montell Jordan,True
Water Runs Dry,Boyz II Men,True
Freak Like Me,Adina Howard,True
Run-Around,Blues Traveler,True
Have You Ever Really Loved A Woman?,Bryan Adams,True
Always,Bon Jovi,True
You Gotta Be,Des'ree,True
Bette Davis Eyes,Kim Carnes,True
Endless Love,Diana Ross,True
Lady,Kenny Rogers,True
(Just Like) Starting Over,John Lennon,True
Jessie's Girl,Rick Springfield,True
Celebration,Kool and The Gang,True
Kiss On My List,Daryl Hall and John Oates,True
I Love A Rainy Night,Eddie Rabbitt,True
9 To 5,Dolly Parton,True
Keep On Loving You,REO Speedwagon,True
Morning Train,Sheena Easton,True
Being With You,Smokey Robinson,True
Rapture,Blondie,True
A Woman Needs Love,Ray Parker Jr.,True
The Tide Is High,Blondie,True
Just The Two Of Us,Grover Washington Jr.,True
Slow Hand,Pointer Sisters,True
I Love You,Climax Blues Band,True
Call Me,Blondie,True
Magic,Olivia Newton-John,True
Rock With You,Michael Jackson,True
Do That To Me One More Time,Captain and Tennille,True
Coming Up,Paul McCartney,True
Funkytown,"Lipps, Inc.",True
It's Still Rock And Roll To Me,Billy Joel,True
Cars,Gary Numan,True
Cruisin',Smokey Robinson,True
Lost In Love,Air Supply,True
Little Jeannie,Elton John,True
Ride Like The Wind,Christopher Cross,True
Upside Down,Diana Ross,True
Please Don't Go,K.C. and The Sunshine Band,True
Babe,Styx,True
The Sign,Ace Of Base,True
I'll Make Love To You,Boyz II Men,True
The Power Of Love,Celine Dion,True
Hero,Mariah Carey,True
Stay,Lisa Loeb,True
Breathe Again,Toni Braxton,True
All For Love,"Bryan Adams, Rod Stewart and Sting",True
All That She Wants,Ace Of Base,True
Don't Turn Around,Ace Of Base,True
Bump N' Grind,R. Kelly,True
Again,Janet Jackson,True
I'll Remember,Madonna,True
Whatta Man,Salt-N-Pepa,True
Wild Night,John Mellencamp,True
You Mean The World To Me,Toni Braxton,True
Can You Feel The Love Tonight,Elton John,True
Fantastic Voyage,Coolio,True
Low,Flo Rida,True
Bleeding Love,Leona Lewis,True
No One,Alicia Keys,True
Lollipop,Lil Wayne,True
Apologize,Timbaland,True
No Air,Jordin Sparks,True
Love Song,Sara Bareilles,True
Love In This Club,Usher,True
Sexy Can I,Ray J,True
Take A Bow,Rihanna,True
Viva La Vida,Coldplay,True
I Kissed A Girl,Katy Perry,True
Disturbia,Rihanna,True
Don't Stop the Music,Rihanna,True
Pocketful of Sunshine,Natasha Bedingfield,True
Closer,Ne-Yo,True
Boom Boom Pow,Black Eyed Peas,True
Poker Face,Lady Gaga,True
Just Dance,Lady Gaga,True
I Gotta Feeling,Black Eyed Peas,True
Love Story,Taylor Swift,True
Right Round,Flo Rida,True
I'm Yours,Jason Mraz,True
Single Ladies,Beyonce,True
Heartless,Kanye West,True
Gives You Hell,All-American Rejects,True
You Belong With Me,Taylor Swift,True
Use Somebody,Kings Of Leon,True
Knock You Down,Keri Hilson,True
Blame It,Jamie Foxx,True
I Know You Want Me,Pitbull,True
Down,Jay Sean,True
Hanging By A Moment,Lifehouse,True
Fallin',Alicia Keys,True
Drops Of Jupiter,Train,True
I'm Real,Jennifer Lopez,True
If You're Gone,matchbox twenty,True
Again,Lenny Kravitz,True
Independent Women Part I,Destiny's Child,True
Hit 'Em Up Style,Blu Cantrell,True
It Wasn't Me,Shaggy,True
It's Been Awhile,Staind,True
U Remind Me,Usher,True
Angel,Shaggy,True
Follow Me,Uncle Kracker,True
Peaches and Cream,112,True
Uptown Funk!,Mark Ronson,True
Thinking Out Loud,Ed Sheeran,True
See You Again,Wiz Khalifa,True
Trap Queen,Fetty Wap,True
Sugar,Maroon 5,True
Shut Up and Dance,Walk The Moon,True
Blank Space,Taylor Swift,True
Earned It,The Weeknd,True
The Hills,The Weeknd,True
Can't Feel My Face,The Weeknd,True
Love Me Like You Do,Ellie Goulding,True
Take Me To Church,Hozier,True
Bad Blood,Taylor Swift,True
Lean On,Major Lazer,True
Want To Want Me,Jason Derulo,True
Shake It Off,Taylor Swift,True
Fight Song,Rachel Platten,True
Happy,Pharrell Williams,True
Dark Horse,Katy Perry,True
All Of Me,John Legend,True
Fancy,Iggy Azalea,True
Counting Stars,OneRepublic,True
Talk Dirty,Jason Derulo,True
All About That Bass,Meghan Trainor,True
Problem,Ariana Grande,True
Stay With Me,Sam Smith,True
Timber,Pitbull,True
Shake It Off,Taylor Swift,True
Am I Wrong,Nico and Vinz,True
Turn Down For What,DJ Snake,True
The Monster,Eminem,True
Team,Lorde,True
Let Her Go,Passenger,True
Royals,Lorde,True
Breathe,Faith Hill,True
Say My Name,Destiny's Child,True
I Knew I Loved You,Savage Garden,True
Bent,matchbox twenty,True
He Wasn't Man Enough,Toni Braxton,True
Try Again,Aaliyah,True
Thong Song,Sisqo,True
Kryptonite,3 Doors Down,True
Music,Madonna,True
What A Girl Wants,Christina Aguilera,True
Back At One,Brian McKnight,True
How You Remind Me,Nickelback,True
Foolish,Ashanti,True
Wherever You Will Go,Calling,True
A Thousand Miles,Vanessa Carlton,True
In the End,Linkin Park,True
What's Luv?,Fat Joe,True
U Got it Bad,Usher,True
Blurry,Puddle Of Mudd,True
Complicated,Avril Lavigne,True
Always on Time,Ja Rule,True
Ain't it Funny,Jennifer Lopez,True
The Middle,Jimmy Eat World,True
U Don't have to Call,Usher,True
Family Affair,Mary J. Blige,True
In Da Club,50 Cent,True
Ignition,R. Kelly,True
Get Busy,Sean Paul,True
Crazy In Love,Beyonce,True
When I'm Gone,3 Doors Down,True
Unwell,matchbox twenty,True
Right Thurr,Chingy,True
Miss You,Aaliyah,True
Picture,Kid Rock,True
Bring Me To Life,Evanescence,True
Get Low,Lil Jon,True
Baby Boy,Beyonce,True
21 Questions,50 Cent,True
All I Have,Jennifer Lopez,True
Beautiful,Christina Aguilera,True
I Know What You Want,Busta Rhymes,True
I'm With You,Avril Lavigne,True
Drift Away,Uncle Kracker,True
Magic Stick,Lil' Kim,True
Thrift Shop,Macklemore,True
Blurred Lines,Robin Thicke,True
Radioactive,Imagine Dragons,True
Harlem Shake,Baauer,True
Can't Hold Us,Macklemore,True
Mirrors,Justin Timberlake,True
When I Was Your Man,Bruno Mars,True
Cruise,Florida Georgia Line,True
Roar,Katy Perry,True
Locked Out Of Heaven,Bruno Mars,True
Ho Hey,Lumineers,True
Stay,Rihanna,True
Get Lucky,Daft Punk,True
Royals,Lorde,True
I Knew You Were Trouble,Taylor Swift,True
We Can't Stop,Miley Cyrus,True
Wrecking Ball,Miley Cyrus,True
Wake Me Up!,Avicii,True
Irreplaceable,Beyonce,True
Umbrella,Rihanna,True
The Sweet Escape,Gwen Stefani,True
Big Girls Don't Cry,Fergie,True
Buy U A Drank,T-Pain,True
Before He Cheats,Carrie Underwood,True
Hey There Delilah,Plain White T's,True
I Wanna Love You,Akon,True
Say It Right,Nelly Furtado,True
Glamorous,Fergie,True
Don't Matter,Akon,True
Girlfriend,Avril Lavigne,True
Makes Me Wonder,Maroon 5,True
Smack That,Akon,True
This Is Why I'm Hot,Mims,True
It's Not Over,Daughtry,True
The Way I Are,Timbaland,True
Fergalicious,Fergie,True
Bad Day,Daniel Powter,True
Temperature,Sean Paul,True
Promiscuous,Nelly Furtado,True
You're Beautiful,James Blunt,True
Unwritten,Natasha Bedingfield,True
Crazy,Gnarls Barkley,True
Ridin',Chamillionaire,True
Sexyback,Justin Timberlake,True
Check on It,Beyonce,True
Be Without You,Mary J. Blige,True
Buttons,Pussycat Dolls,True
So Sick,Ne-Yo,True
SOS,Rihanna,True
I Write Sins not Tragedies,Panic! At The Disco,True
Somebody That I Used To Know,Gotye,True
Call Me Maybe,Carly Rae Jepsen,True
Payphone,Maroon 5,True
Lights,Ellie Goulding,True
Stronger,Kelly Clarkson,True
We Found Love,Rihanna,True
Starships,Nicki Minaj,True
What Makes You Beautiful,One Direction,True
Wild Ones,Flo Rida,True
Sexy And I Know It,LMFAO,True
Wide Awake,Katy Perry,True
Good Feeling,Flo Rida,True
Whistle,Flo Rida,True
One More Night,Maroon 5,True
Drive By,Train,True
Yeah!,Usher,True
Burn,Usher,True
If I Ain't Got You,Alicia Keys,True
This Love,Maroon 5,True
The Way You Move,OutKast,True
The Reason,Hoobastank,True
I Don't Wanna Know,Mario Winans,True
Hey Ya!,OutKast,True
Goodies,Ciara,True
Lean Back,Terror Squad,True
Confessions Part II,Usher,True
Freek-a-Leek,Petey Pablo,True
Here Without You,3 Doors Down,True
Someday,Nickelback,True
Naughty Girl,Beyonce,True
My Immortal,Evanescence,True
Sunshine,Lil' Flip,True
TiK ToK,Ke$ha,True
Need You Now,Lady Antebellum,True
"Hey, Soul Sister",Train,True
California Gurls,Katy Perry,True
OMG,Usher,True
Love The Way You Lie,Eminem,True
Bad Romance,Lady Gaga,True
Dynamite,Taio Cruz,True
Break Your Heart,Taio Cruz,True
I Like It,Enrique Iglesias,True
In My Head,Jason Derulo,True
Rude Boy,Rihanna,True
Telephone,Lady Gaga,True
Teenage Dream,Katy Perry,True
Just The Way You Are,Bruno Mars,True
Cooler Than Me,Mike Posner,True
Imma Be,Black Eyed Peas,True
Party Rock Anthem,LMFAO,True
Firework,Katy Perry,True
E.T.,Katy Perry,True
Give Me Everything,Pitbull,True
Grenade,Bruno Mars,True
F**K You,Cee Lo Green,True
Super Bass,Nicki Minaj,True
Moves Like Jagger,Maroon 5,True
Just Can't Get Enough,Black Eyed Peas,True
On The Floor,Jennifer Lopez,True
S&M,Rihanna,True
Pumped Up Kicks,Foster The People,True
Last Friday Night,Katy Perry,True
Just The Way You Are,Bruno Mars,True
Tonight,Enrique Iglesias,True
Born This Way,Lady Gaga,True
What's My Name?,Rihanna,True
We Belong Together,Mariah Carey,True
Hollaback Girl,Gwen Stefani,True
Since U Been Gone,Kelly Clarkson,True
"1, 2 Step",Ciara,True
Gold Digger,Kanye West,True
Boulevard Of Broken Dreams,Green Day,True
Candy Shop,50 Cent,True
Don't Cha,Pussycat Dolls,True
Behind These Hazel Eyes,Kelly Clarkson,True
Disco Inferno,50 Cent,True
You And Me,Lifehouse,True
Don't Phunk With My Heart,Black Eyed Peas,True
Lose Control,Missy Elliott,True
Shake It Off,Mariah Carey,True
Mr. Brightside,Killers,True
Just A Lil Bit,50 Cent,True
Pon de Replay,Rihanna,True
How We Do,Game,True
Beverly Hills,Weezer,True
The First Time Ever I Saw Your Face,Roberta Flack,True
Alone Again,Gilbert O'Sullivan,True
American Pie,Don McLean,True
Candy Man,Sammy Davis Jr.,True
Lean On Me,Bill Withers,True
Baby Don't Get Hooked On Me,Mac Davis,True
Daddy Don't You Walk So Fast,Wayne Newton,True
Let's Stay Together,Al Green,True
Oh Girl,Chi-Lites,True
My Ding-A-Ling,Chuck Berry,True
Heart Of Gold,Neil Young,True
Ben,Michael Jackson,True
Cherish,Association,True
Reach Out I'll Be There,Four Tops,True
Last Train To Clarksville,Monkees,True
You Can't Hurry Love,Supremes,True
Summer In The City,Lovin' Spoonful,True
These Boots Are Made For Walkin',Nancy Sinatra,True
What Becomes Of The Brokenhearted,Jimmy Ruffin,True
Strangers In The Night,Frank Sinatra,True
We Can Work It Out,Beatles,True
Good Lovin',Young Rascals,True
Hanky Panky,Tommy James and The Shondells,True
When A Man Loves A Woman,Percy Sledge,True
Believe,Cher,True
Heartbreak Hotel,Whitney Houston,True
...Baby One More Time,Britney Spears,True
Kiss Me,Sixpence None The Richer,True
Genie In A Bottle,Christina Aguilera,True
Every Morning,Sugar Ray,True
Livin' La Vida Loca,Ricky Martin,True
Where My Girls At?,702,True
If You Had My Love,Jennifer Lopez,True
Slide,Goo Goo Dolls,True
Have You Ever?,Brandy,True
I Want It That Way,Backstreet Boys,True
I'm Your Angel,R. Kelly,True
All Star,Smash Mouth,True
Angel,Sarah McLachlan,True
The Boy Is Mine,Brandy,True
You're Still The One,Shania Twain,True
Truly Madly Deeply,Savage Garden,True
How Do I Live,LeAnn Rimes,True
I Don't Want To Wait,Paula Cole,True
How's It Going To Be,Third Eye Blind,True
"No, No, No",Destiny's Child,True
My Heart Will Go On,Celine Dion,True
Gettin' Jiggy Wit It,Will Smith,True
You Make Me Wanna...,Usher,True
My Way,Usher,True
My All,Mariah Carey,True
Been Around The World,Puff Daddy,True
Adia,Sarah McLachlan,True
To Sir With Love,Lulu,True
The Letter,Box Tops,True
Ode To Billie Joe,Bobby Gentry,True
Windy,Association,True
I'm A Believer,Monkees,True
Light My Fire,Doors,True
Somethin' Stupid,Nancy Sinatra,True
Groovin',Young Rascals,True
Can't Take My Eyes Off You,Frankie Valli,True
I Think We're Alone Now,Tommy James and The Shondells,True
Respect,Aretha Franklin,True
I Was Made To Love Her,Stevie Wonder,True
Kind Of A Drag,Buckinghams,True
Sweet Soul Music,Arthur Conley,True
Never My Love,Association,True
Bad Bad Leroy Brown,Jim Croce,True
Killing Me Softly With His Song,Roberta Flack,True
Let's Get It On,Marvin Gaye,True
My Love,Paul McCartney,True
Why Me,Kris Kristofferson,True
Crocodile Rock,Elton John,True
Will It Go Round In Circles,Billy Preston,True
You're So Vain,Carly Simon,True
Touch Me In The Morning,Diana Ross,True
Delta Dawn,Helen Reddy,True
Me And Mrs. Jones,Billy Paul,True
Drift Away,Dobie Gray,True
You Are The Sunshine Of My Life,Stevie Wonder,True
Half Breed,Cher,True
Glory Of Love,Peter Cetera,True
I Can't Help Myself,Four Tops,True
(I Can't Get No) Satisfaction,Rolling Stones,True
Downtown,Petula Clark,True
Help!,Beatles,True
Can't You Hear My Heartbeat,Herman's Hermits,True
Crying In The Chapel,Elvis Presley,True
My Girl,Temptations,True
"Help Me, Rhonda",Beach Boys,True
King Of The Road,Roger Miller,True
Shotgun,Jr. Walker and The All Stars,True
I Got You Babe,Sonny and Cher,True
This Diamond Ring,Gary Lewis and The Playboys,True
Mrs. Brown You've Got A Lovely Daughter,Herman's Hermits,True
Stop! In The Name Of Love,Supremes,True
Joy To The World,Three Dog Night,True
One Bad Apple,Osmonds,True
How Can You Mend A Broken Heart,Bee Gees,True
Go Away Little Girl,Donny Osmond,True
"Take Me Home, Country Roads",John Denver,True
Just My Imagination,Temptations,True
Knock Three Times,Dawn,True
Me And Bobby McGee,Janis Joplin,True
Tired Of Being Alone,Al Green,True
Smiling Faces Sometimes,Undisputed Truth,True
Brown Sugar,Rolling Stones,True
You've Got A Friend,James Taylor,True
Mr. Big Stuff,Jean Knight,True
Do You Know What I Mean,Lee Michaels,True
The Night They Drove Old Dixie Down,Joan Baez,True
Bridge Over Troubled Water,Simon and Garfunkel,True
(They Long To Be) Close To You,Carpenters,True
Raindrops Keep Fallin' On My Head,B.J. Thomas,True
War,Edwin Starr,True
Ain't No Mountain High Enough,Diana Ross,True
I'll Be There,Jackson 5,True
Get Ready,Rare Earth,True
Let It Be,Beatles,True
Band Of Gold,Freda Payne,True
Mama Told Me,Three Dog Night,True
Everything Is Beautiful,Ray Stevens,True
Make It With You,Bread,True
ABC,Jackson 5,True
The Love You Save,Jackson 5,True
Candida,Dawn,True
Spill The Wine,Eric Burdon,True
I Want To Hold Your Hand,Beatles,True
She Loves You,Beatles,True
"Hello, Dolly!",Louis Armstrong,True
"Oh, Pretty Woman",Roy Orbison,True
I Get Around,Beach Boys,True
Everybody Loves Somebody,Dean Martin,True
My Guy,Mary Wells,True
Where Did Our Love Go,Supremes,True
People,Barbara Streisand,True
A Hard Day's Night,Beatles,True
Love Me Do,Beatles,True
Do Wah Diddy Diddy,Manfred Mann,True
Please Please Me,Beatles,True
Dancing In The Street,Martha and The Vandellas,True
Little Children,Billy J. Kramer and The Dakotas,True
Soul Man,Sam and Dave,True
He'll Have To Go,Jim Reeves,True
Cathy's Clown,Everly Brothers,True
I'm Sorry,Brenda Lee,True
It's Now Or Never,Elvis Presley,True
Stuck On You,Elvis Presley,True
The Twist,Chubby Checker,True
Everybody's Somebody's Fool,Connie Francis,True
Wild One,Bobby Rydell,True
El Paso,Marty Robbins,True
My Heart Has A Mind Of Its Own,Connie Francis,True
Sweet Nothin's,Brenda Lee,True
Only The Lonely,Roy Orbison,True
The Way We Were,Barbra Streisand,True
Seasons In The Sun,Terry Jacks,True
Come And Get Your Love,Redbone,True
Dancing Machine,Jackson 5,True
The Loco-Motion,Grand Funk Railroad,True
The Streak,Ray Stevens,True
Bennie And The Jets,Elton John,True
One Hell Of A Woman,Mac Davis,True
Until You Come Back To Me,Aretha Franklin,True
Jungle Boogie,Kool and The Gang,True
Midnight At The Oasis,Maria Muldaur,True
Show And Tell,Al Wilson,True
Rock On,David Essex,True
Sunshine On My Shoulders,John Denver,True
Sideshow,Blue Magic,True
Hooked On A Feeling,Blue Swede,True
Love Will Keep Us Together,Captain and Tennille,True
Rhinestone Cowboy,Glen Campbell,True
Philadelphia Freedom,Elton John,True
My Eyes Adored You,Frankie Valli,True
Shining Star,"Earth, Wind and Fire",True
Fame,David Bowie,True
Laughter In The Rain,Neil Sedaka,True
Thank God I'm A Country Boy,John Denver,True
Jive Talkin',Bee Gees,True
Lovin' You,Minnie Riperton,True
Kung Fu Fighting,Carl Douglas,True
Black Water,Doobie Brothers,True
At Seventeen,Janis Ian,True
Pick Up The Pieces,Average White Band,True
I Fall To Pieces,Patsy Cline,True
Runaway,Del Shannon,True
Pony Time,Chubby Checker,True
Running Scared,Roy Orbison,True
Dedicated To The One I Love,Shirelles,True
Where The Boys Are,Connie Francis,True
Hit The Road Jack,Ray Charles,True
Tonight's The Night,Rod Stewart,True
I Just Want To Be Your Everything,Andy Gibb,True
Don't Leave Me This Way,Thelma Houston,True
(Your Love Has Lifted Me) Higher And Higher,Rita Coolidge,True
I'm Your Boogie Man,K.C. and The Sunshine Band,True
Dancing Queen,ABBA,True
You Make Me Feel Like Dancing,Leo Sayer,True
Margaritaville,Jimmy Buffett,True
Telephone Line,Electric Light Orchestra,True
Sir Duke,Stevie Wonder,True
I'll Take You There,Staple Singers,True
Surfin' U.S.A.,Beach Boys,True
The End Of The World,Skeeter Davis,True
Blue Velvet,Bobby Vinton,True
Can't Get Used To Losing You,Andy Williams,True
She's A Fool,Lesley Gore,True
Puff,"Peter, Paul and Mary",True
Blowin' In The Wind,"Peter, Paul and Mary",True
Faith,George Michael,True
Need You Tonight,INXS,True
Got My Mind Set On You,George Harrison,True
Never Gonna Give You Up,Rick Astley,True
Sweet Child O' Mine,Guns N' Roses,True
So Emotional,Whitney Houston,True
Heaven Is A Place On Earth,Belinda Carlisle,True
Hands To Heaven,Breathe,True
Roll With It,Steve Winwood,True
One More Try,George Michael,True
Wishing Well,Terence Trent d'Arby,True
Anything For You,Gloria Estefan and Miami Sound Machine,True
The Flame,Cheap Trick,True
"Get Outta My Dreams, Get Into My Car",Billy Ocean,True
Is This Love,Whitesnake,True
Pour Some Sugar On Me,Def Leppard,True
I'll Always Love You,Taylor Dayne,True
Look Away,Chicago,True
My Prerogative,Bobby Brown,True
Every Rose Has Its Thorn,Poison,True
Straight Up,Paula Abdul,True
Miss You Much,Janet Jackson,True
Cold Hearted,Paula Abdul,True
Girl You Know It's True,Milli Vanilli,True
Giving You The Best That I Got,Anita Baker,True
Right Here Waiting,Richard Marx,True
Don't Wanna Lose You,Gloria Estefan,True
Girl I'm Gonna Miss You,Milli Vanilli,True
The Look,Roxette,True
She Drives Me Crazy,Fine Young Cannibals,True
On Our Own,Bobby Brown,True
Two Hearts,Phil Collins,True
I Can't Stop Loving You,Ray Charles,True
Roses Are Red,Bobby Vinton,True
The Twist,Chubby Checker,True
Soldier Boy,Shirelles,True
Duke Of Earl,Gene Chandler,True
Breaking Up Is Hard To Do,Neil Sedaka,True
Slow Twistin',Chubby Checker,True
It Keeps Right On a-Hurtin',Johnny Tillotson,True
The One Who Really Loves You,Mary Wells,True
Good Luck Charm,Elvis Presley,True
Silly Love Songs,Wings,True
Don't Go Breaking My Heart,Elton John,True
Disco Lady,Johnnie Taylor,True
Play That Funky Music,Wild Cherry,True
Kiss And Say Goodbye,Manhattans,True
50 Ways To Leave Your Lover,Paul Simon,True
Sara Smile,Daryl Hall and John Oates,True
I Write The Songs,Barry Manilow,True
Love Hangover,Diana Ross,True
Get Closer,Seals and Crofts,True
"More, More, More",Andrea True Connection,True
I Go To Extremes,Billy Joel,False
Whip Appeal,Babyface,False
Oh Girl,Paul Young,False
(It's Just) The Way That You Love Me,Paula Abdul,False
When I'm Back On My Feet Again,Michael Bolton,False
Make You Sweat,Keith Sweat,False
This One's For The Children,New Kids On The Block,False
What It Takes,Aerosmith,False
Forever,Kiss,False
Just A Friend,Biz Markie,False
Without You,Motley Crue,False
Swing The Mood,Jive Bunny,False
Mentirosa,Mellow Man Ace,False
Nobody Told Me,John Lennon,False
Church Of The Poison Mind,Culture Club,False
Think Of Laura,Christopher Cross,False
Time Will Reveal,Debarge,False
Wrapped Around Your Finger,Police,False
Pink Houses,John Cougar Mellencamp,False
Head Over Heels,Go-Go's,False
The Longest Time,Billy Joel,False
Tonight,Kool and The Gang,False
Dancing In The Sheets,Shalamar,False
Undercover Of The Night,Rolling Stones,False
On The Dark Side,John Cafferty,False
Major Tom,Peter Schilling,False
Magic,Cars,False
When You Close Your Eyes,Night Ranger,False
Rock Me Tonite,Billy Squier,False
Solid,Ashford and Simpson,False
Angel,Madonna,False
I'm On Fire,Bruce Springsteen,False
Method Of Modern Love,Daryl Hall and John Oates,False
Lay Your Hands On Me,Thompson Twins,False
Who's Holding Donna Now,Debarge,False
Lonely Ol' Night,John Cougar Mellencamp,False
What About Love,Heart,False
Fresh,Kool and The Gang,False
Do What You Do,Jermaine Jackson,False
Born In The USA,Bruce Springsteen,False
Private Dancer,Tina Turner,False
Who's Zoomin' Who,Aretha Franklin,False
Penny Lover,Lionel Richie,False
All She Wants To Do Is Dance,Don Henley,False
Dress You Up,Madonna,False
Sentimental Street,Night Ranger,False
Sugar Walls,Sheena Easton,False
Get Here,Oleta Adams,False
Round And Round,Tevin Campbell,False
Silent Lucidity,Queensryche,False
Real Real Real,Jesus Jones,False
Everybody Plays The Fool,Aaron Neville,False
Disappear,INXS,False
Groove Is In The Heart,Deee-Lite,False
The One And Only,Chesney Hawkes,False
O.P.P.,Naughty By Nature,False
Freedom 90,George Michael,False
Do You Want Me,Salt-N-Pepa,False
The Motown Song,Rod Stewart,False
Dont Let Me Be Misunderstood,Santa Esmeralda,False
Running On Empty,Jackson Browne,False
"Whenever I Call You ""Friend""",Kenny Loggins,False
Fool,Chris Rea,False
Get Off,Foxy,False
Sweet Talking Woman,Electric Light Orchestra,False
Life's Been Good,Joe Walsh,False
It's So Easy,Linda Ronstadt,False
Flashlight,Parliament,False
Don't Look Back,Boston,False
Turn To Stone,Electric Light Orchestra,False
The Name Of The Game,ABBA,False
We're All Alone,Rita Coolidge,False
Hollywood Nights,Bob Seger,False
Deacon Blues,Steely Dan,False
Big Love,Fleetwood Mac,False
Midnight Blue,Lou Gramm,False
Something So Strong,Crowded House,False
Heat Of The Night,Bryan Adams,False
Brilliant Disguise,Bruce Springsteen,False
Just To See Her,Smokey Robinson,False
Respect Yourself,Bruce Willis,False
Victory,Kool and The Gang,False
Don't Get Me Wrong,Pretenders,False
Doing It All For My Baby,Huey Lewis and The News,False
Right On Track,Breakfast Club,False
Ballerina Girl,Lionel Richie,False
Meet Me Half Way,Kenny Loggins,False
I've Been In Love Before,Cutting Crew,False
(You Gotta) Fight For Your Right,Beastie Boys,False
Love You Down,Ready For The World,False
How Do You Talk To An Angel,Heights,False
Rebirth Of Slick,Digable Planets,False
What Is Love,Haddaway,False
To Love Somebody,Michael Bolton,False
"Give It Up, Turn It Loose",En Vogue,False
Alright,Kris Kross,False
Check Yo Self,Ice Cube,False
Faithful,Go West,False
Reason To Believe,Rod Stewart,False
Break It Down Again,Tears For Fears,False
Livin' On The Edge,Aerosmith,False
Hey Jealousy,Gin Blossoms,False
One Woman,Jade,False
Can't Get Enough Of Your Love,Taylor Dayne,False
Two Steps Behind,Def Leppard,False
Take This Heart,Richard Marx,False
When I Look Into Your Eyes,Firehouse,False
I Wanna Love You,Jade,False
Uhh Ahh,Boyz II Men,False
Real Love,Mary J. Blige,False
Justified And Ancient,KLF,False
That's What Love Is For,Amy Grant,False
Keep Coming Back,Richard Marx,False
Free Your Mind,En Vogue,False
Keep It Comin',Keith Sweat,False
Just Take My Heart,Mr. Big,False
I Will Remember You,Amy Grant,False
We Got A Love Thang,CeCe Peniston,False
Let's Get Rocked,Def Leppard,False
They Want EFX,Das EFX,False
I Can't Make You Love Me,Bonnie Raitt,False
Sleeping Bag,ZZ Top,False
Tonight She Comes,Cars,False
Love Touch,Rod Stewart,False
A Love Bizarre,Sheila E.,False
Nikita,Elton John,False
Take Me Home,Phil Collins,False
Walk This Way,Run-D.M.C.,False
Sweet Love,Anita Baker,False
Your Wildest Dreams,Moody Blues,False
Spies Like Us,Paul McCartney,False
Dreamtime,Daryl Hall,False
Tender Love,Force M.D.'s,False
King For A Day,Thompson Twins,False
Love Will Conquer All,Lionel Richie,False
A Different Corner,George Michael,False
Go Home,Stevie Wonder,False
Don't Bring Me Down,Electric Light Orchestra,False
Promises,Eric Clapton,False
How Much I Feel,Ambrosia,False
Suspicions,Eddie Rabbitt,False
How You Gonna See Me Now,Alice Cooper,False
Double Vision,Foreigner,False
Every Time I Think Of You,Babys,False
Don't Stop 'Til You Get Enough,Michael Jackson,False
Somewhere In The Night,Barry Manilow,False
We've Got Tonight,Bob Seger,False
Dance The Night Away,Van Halen,False
The Boss,Diana Ross,False
Sail On,Commodores,False
Strange Way,Firefall,False
Something,Beatles,False
Come Together,Beatles,False
I'm Gonna Make You Love Me,Diana Ross,False
I Heard It Through The Grapevine,Marvin Gaye,False
Love Me Tonight,Tom Jones,False
My Whole World Ended,David Ruffin,False
Soul Deep,Box Tops,False
Hooked On A Feeling,B.J. Thomas,False
Here I Am,Air Supply,False
I Keep Forgettin',Michael McDonald,False
Get Down On It,Kool and The Gang,False
Any Day Now,Ronnie Milsap,False
Make A Move On Me,Olivia Newton-John,False
Mirror Mirror,Diana Ross,False
Vacation,Go-Go's,False
(Oh) Pretty Woman,Van Halen,False
Should I Do It,Pointer Sisters,False
Hot In The City,Billy Idol,False
Kids In America,Kim Wilde,False
Man On Your Mind,Little River Band,False
Waiting On A Friend,Rolling Stones,False
Do I Do,Stevie Wonder,False
Working For The Weekend,Loverboy,False
Arthur's Theme,Christopher Cross,False
Through The Years,Kenny Rogers,False
Edge Of Seventeen,Stevie Nicks,False
Un-Break My Heart,Toni Braxton,False
You Remind Me Of Something,R. Kelly,False
Runaway,Janet Jackson,False
Hit Me Off,New Edition,False
No One Else,Total,False
Get Money,Junior M.A.F.I.A.,False
That Girl,Maxi Priest,False
Until It Sleeps,Metallica,False
Beautiful Life,Ace Of Base,False
Back For Good,Take That,False
Soon As I Get Home,Faith Evans,False
Only Wanna Be With You,Hootie and The Blowfish,False
No Time,Lil' Kim,False
Naked Eye,Luscious Jackson,False
I Shot The Sheriff,Warren G,False
You Should Be Mine,Brian McKnight,False
Don't Cry For Me Argentina,Madonna,False
Someone,SWV,False
Go The Distance,Michael Bolton,False
Coco Jamboo,Mr. President,False
Twisted,Keith Sweat,False
You Must Love Me,Madonna,False
Let It Go,Ray J,False
Heartbreaker,Dionne Warwick,False
Faithfully,Journey,False
Steppin' Out,Joe Jackson,False
(She's) Sexy + 17,Stray Cats,False
Dead Giveaway,Shalamar,False
Lawyers In Love,Jackson Browne,False
What About Me,Moving Pictures,False
Human Nature,Michael Jackson,False
Photograph,Def Leppard,False
Pass The Dutchie,Musical Youth,False
TRUE,Spandau Ballet,False
I've Got A Rock 'N' Roll Heart,Eric Clapton,False
Tonight I Celebrate My Love,Peabo Bryson,False
You Got Lucky,Tom Petty and The Heartbreakers,False
Breaking Us In Two,Joe Jackson,False
Fall In Love With Me,"Earth, Wind and Fire",False
Baby I Need Your Lovin',Johnny Rivers,False
You're All I Need To Get By,Marvin Gaye and Tammi Terrell,False
Do You Know The Way To San Jose,Dionne Warwick,False
The Mighty Quinn,Manfred Mann,False
I Say A Little Prayer,Aretha Franklin,False
Think,Aretha Franklin,False
Sealed With A Kiss,Gary Lewis and The Playboys,False
Piece Of My Heart,Big Brother and The Holding Company,False
"Hold Me, Thrill Me, Kiss Me, Kill Me",U2,False
Good,Better Than Ezra,False
Turn The Beat Around,Gloria Estefan,False
1st Of Tha Month,Bone Thugs-N-Harmony,False
I Live My Life For You,Firehouse,False
Cotton Eye Joe,Rednex,False
Thank You,Boyz II Men,False
I'll Stand By You,Pretenders,False
Best Friend,Brandy,False
Misery,Soul Asylum,False
Can't Stop Lovin' You,Van Halen,False
It's Now Or Never,John Schneider,False
Treat Me Right,Pat Benatar,False
What Kind Of Fool,Barbra Streisand,False
Watching The Wheels,John Lennon,False
Tell It Like It Is,Heart,False
Smoky Mountain Rain,Ronnie Milsap,False
I Made It Through The Rain,Barry Manilow,False
You've Lost That Lovin' Feelin',Daryl Hall and John Oates,False
Suddenly,Olivia Newton-John,False
For Your Eyes Only,Sheena Easton,False
The Beach Boys Medley,Beach Boys,False
Modern Girl,Sheena Easton,False
Seven Year Ache,Rosanne Cash,False
I'm Coming Out,Diana Ross,False
Miss Sun,Boz Scaggs,False
Time Is Time,Andy Gibb,False
Stand By Me,Mickey Gilley,False
Heartbreaker,Pat Benatar,False
Deja Vu,Dionne Warwick,False
Drivin' My Life Away,Eddie Rabbitt,False
Take The Long Way Home,Supertramp,False
Sara,Fleetwood Mac,False
Wait For Me,Daryl Hall and John Oates,False
September Morn,Neil Diamond,False
Give Me The Night,George Benson,False
Broken Hearted Me,Anne Murray,False
You Decorated My Life,Kenny Rogers,False
Tusk,Fleetwood Mac,False
In America,Charlie Daniels Band,False
Breakdown Dead Ahead,Boz Scaggs,False
Ships,Barry Manilow,False
All Night Long,Joe Walsh,False
Refugee,Tom Petty and The Heartbreakers,False
Flava In Ya Ear,Craig Mack,False
U.N.I.T.Y.,Queen Latifah,False
Secret,Madonna,False
Here Comes The Hotstepper,Ini Kamoze,False
Everyday,Phil Collins,False
Don't Take The Girl,Tim McGraw,False
Got Me Waiting,Heavy D and The Boyz,False
Indian Outlaw,Tim McGraw,False
Always,Bon Jovi,False
I'm The Only One,Melissa Etheridge,False
Love Sneakin' Up On You,Bonnie Raitt,False
Always In My Heart,Tevin Campbell,False
What Is Love,Haddaway,False
And Our Feelings,Babyface,False
Bop Gun,Ice Cube,False
I Wanna Be Down,Brandy,False
Womanizer,Britney Spears,False
Love Story,Taylor Swift,False
Just Fine,Mary J. Blige,False
Piece Of Me,Britney Spears,False
The Boss,Rick Ross,False
All Summer Long,Kid Rock,False
Can't Help But Wait,Trey Songz,False
In Love With A Girl,Gavin DeGraw,False
My Life,Game,False
I Remember,Keyshia Cole,False
Flashing Lights,Kanye West,False
Mrs. Officer,Lil Wayne,False
7 Things,Miley Cyrus,False
You're Gonna Miss This,Trace Adkins,False
Love Remains The Same,Gavin Rossdale,False
Feels Like Tonight,Daughtry,False
The Way I Are,Timbaland,False
Addicted,Saving Abel,False
Heaven Sent,Keyshia Cole,False
Rockin' That Thang,The-Dream,False
Chicken Fried,Zac Brown Band,False
Diva,Beyonce,False
Replay,Iyaz,False
Then,Brad Paisley,False
Her Diamonds,Rob Thomas,False
How Do You Sleep?,Jesse McCartney,False
3,Britney Spears,False
One Time,Justin Bieber,False
I Run To You,Lady Antebellum,False
I Do Not Hook Up,Kelly Clarkson,False
Green Light,John Legend,False
People Are Crazy,Billy Currington,False
Whatever It Is,Zac Brown Band,False
Already Gone,Kelly Clarkson,False
Say Hey,Michael Franti and Spearhead,False
Pop Champagne,Jim Jones,False
Pretty Wings,Maxwell,False
Loverboy,Mariah Carey,False
Contagious,Isley Brothers,False
Music,Erick Sermon,False
Don't Happen Twice,Kenny Chesney,False
I Wish,R. Kelly,False
It's A Great Day To Be Alive,Travis Tritt,False
Here's To The Night,Eve 6,False
You Shouldn't Kiss Me Like This,Toby Keith,False
"So Fresh, So Clean",Outkast,False
Be Like That,3 Doors Down,False
Hero,Enrique Iglesias,False
Lay Me Down,Sam Smith,False
Kick The Dust Up,Luke Bryan,False
Blessings,Big Sean,False
Budapest,George Ezra,False
Chandelier,Sia,False
Heartbeat Song,Kelly Clarkson,False
Don't,Ed Sheeran,False
Ghost,Ella Henderson,False
Here,Alessia Cara,False
Waves,Mr. Probz,False
She Knows,Ne-Yo,False
Night Changes,One Direction,False
How Deep Is Your Love,Calvin Harris,False
Birthday,Katy Perry,False
Bartender,Lady Antebellum,False
La La La,Naughty Boy,False
Blurred Lines,Robin Thicke,False
Do What U Want,Lady Gaga,False
Amnesia,5 Seconds Of Summer,False
Believe Me,Lil Wayne,False
Beachin',Jake Owen,False
White Walls,Macklemore & Ryan Lewis,False
She Looks So Perfect,5 Seconds Of Summer,False
Stay The Night,Zedd,False
Partition,Beyonce,False
I Don't Dance,Lee Brice,False
Somethin' Bad,Miranda Lambert,False
Adore You,Miley Cyrus,False
The Best Day,George Strait,False
Where I Wanna Be,Donell Jones,False
How Do You Like Me Now?!,Toby Keith,False
My Best Friend,Tim McGraw,False
Broadway,Goo Goo Dolls,False
I Hope You Dance,Lee Ann Womack,False
Better Off Alone,Alice Deejay,False
Bounce With Me,Lil Bow Wow,False
Cowboy Take Me Away,Dixie Chicks,False
I Don't Wanna,Aaliyah,False
Independent Women Part I,Destiny's Child,False
Waiting For Tonight,Jennifer Lopez,False
Baby,Ashanti,False
The Good Stuff,Kenny Chesney,False
We Thuggin',Fat Joe,False
Good Morning Beautiful,Steve Holy,False
Rock the Boat,Aaliyah,False
Drive,Alan Jackson,False
Anything,Jaheim,False
Full Moon,Brandy,False
Uh Huh,B2K,False
A New Day has Come,Celine Dion,False
Turn Off the Light,Nelly Furtado,False
Living and Living Well,George Strait,False
My List,Toby Keith,False
Hands Clean,Alanis Morissette,False
Sk8er Boi,Avril Lavigne,False
Long Time Gone,Dixie Chicks,False
Where Were You,Alan Jackson,False
Like I Love You,Justin Timberlake,False
I Do!!,Toya,False
Thugz Mansion,2Pac,False
Clocks,Coldplay,False
Put that Woman First,Jaheim,False
Rain on Me,Ashanti,False
19 Somethin',Mark Wills,False
Red Dirt Road,Brooks and Dunn,False
What Was I Thinkin',Dierks Bentley,False
Flying Without Wings,Ruben Studdard,False
Sing For The Moment,Eminem,False
"No Shoes, No Shirt, No Problems",Kenny Chesney,False
Come Over,Aaliyah,False
Step In The Name Of Love,R. Kelly,False
Like A Stone,Audioslave,False
Don't Know Why,Norah Jones,False
Superman,Eminem,False
Real Good Man,Tim McGraw,False
Say Yes,Floetry,False
Sure Be Cool If You Did,Blake Shelton,False
Troublemaker,Olly Murs,False
Body Party,Ciara,False
Hall Of Fame,Script,False
Mama's Broken Heart,Miranda Lambert,False
It Goes Like This,Thomas Rhett,False
Bugatti,Ace Hood,False
Downtown,Lady Antebellum,False
Get Your Shine On,Florida Georgia Line,False
Brave,Sara Bareilles,False
Let Her Go,Passenger,False
Runnin' Outta Moonlight,Randy Houser,False
I'm Different,2 Chainz,False
Go Getta,Young Jeezy,False
On The Hotline,Pretty Ricky,False
Wind It Up,Gwen Stefani,False
Break It Off,Rihanna,False
First Time,Lifehouse,False
Ayo Technology,50 Cent,False
Outta My System,Bow Wow,False
Teardrops On My Guitar,Taylor Swift,False
Shut Up And Drive,Rihanna,False
Snow,Red Hot Chili Peppers,False
Money Maker,Ludacris,False
Far Away,Nickelback,False
Lovestoned,Justin Timberlake,False
Better Than Me,Hinder,False
Paralyzer,Finger Eleven,False
That's That,Snoop Dogg,False
Same Girl,R. Kelly,False
Get Up,Ciara,False
We be Burnin',Sean Paul,False
Hate Me,Blue October,False
You And Me,Lifehouse,False
Beep,Pussycat Dolls,False
I Think They Like Me,Dem Franchize Boyz,False
Soul Survivor,Young Jeezy,False
Pump It,Black Eyed Peas,False
When I'm Gone,Eminem,False
Hung Up,Madonna,False
Love,Keyshia Cole,False
When You're Mad,Ne-Yo,False
Feel Good Inc,Gorillaz,False
I'm Sprung,T-Pain,False
Do I Make you Proud,Taylor Hicks,False
50 Ways To Say Goodbye,Train,False
Red Solo Cup,Toby Keith,False
Die Young,Ke$ha,False
5 O'Clock,T-Pain,False
A Thousand Years,Christina Perri,False
Take A Little Ride,Jason Aldean,False
You Da One,Rihanna,False
We Run The Night,Havana Brown,False
It's Time,Imagine Dragons,False
I Don't Want This Night To End,Luke Bryan,False
Diamonds,Rihanna,False
Hard To Love,Lee Brice,False
Somethin' 'Bout A Truck,Kip Moore,False
Fly Over States,Jason Aldean,False
Even If It Breaks Your Heart,Eli Young Band,False
Burn It Down,Linkin Park,False
Live Like You Were Dying,Tim McGraw,False
Remember When,Alan Jackson,False
Everytime,Britney Spears,False
Dude,Beenie Man,False
Wanna Get To Know You,G-Unit,False
Holidae In,Chingy,False
Let's Get It Started,Black Eyed Peas,False
When the Sun Goes Down,Kenny Chesney,False
American Soldier,Toby Keith,False
Change Clothes,Jay-Z,False
Don't Tell Me,Avril Lavigne,False
You'll Think of Me,Keith Urban,False
Happy People,R. Kelly,False
Hey Mama,Black Eyed Peas,False
Redneck Woman,Gretchen Wilson,False
Just Lose It,Eminem,False
Letters from Home,John Michael Montgomery,False
I Go Back,Kenny Chesney,False
I Made It,Kevin Rudolf,False
Stuck Like Glue,Sugarland,False
Hey Daddy,Usher,False
There Goes My Baby,Usher,False
Today Was A Fairytale,Taylor Swift,False
Say Something,Timbaland,False
Sweet Dreams,Beyonce,False
Use Somebody,Kings of Leon,False
Undo It,Carrie Underwood,False
Eenie Meenie,Sean Kingston,False
Right Above It,Lil Wayne,False
The House That Built Me,Miranda Lambert,False
American Honey,Lady Antebellum,False
King Of Anything,Sara Bareilles,False
Life After You,Daughtry,False
"Lover, Lover",Jerrod Niemann,False
Knee Deep,Zac Brown Band,False
In The Dark,Dev,False
Backseat,New Boyz,False
Best Thing I Never Had,Beyonce,False
Don't Wanna Go Home,Jason Derulo,False
Where Them Girls At,David Guetta,False
Take A Back Road,Rodney Atkins,False
Please Don't Go,Mike Posner,False
Price Tag,Jessie J,False
God Gave Me You,Blake Shelton,False
She Will,Lil Wayne,False
Are You Gonna Kiss Me Or Not,Thompson Square,False
Animal,Neon Trees,False
You And Tequila,Kenny Chesney,False
Colder Weather,Zac Brown Band,False
My Last,Big Sean,False
These Words,Natasha Bedingfield,False
Don't Lie,Black Eyed Peas,False
Get Right,Jennifer Lopez,False
As Good As I Once Was,Toby Keith,False
Lose My Breath,Destiny's Child,False
Ordinary People,John Legend,False
We Be Burnin',Sean Paul,False
O,Omarion,False
Wonderful,Ja Rule,False
I'm Sprung,T-Pain,False
Chariot,Gavin DeGraw,False
U Already Know,112,False
Mississippi Girl,Faith Hill,False
Number One Spot,Ludacris,False
The Witch Queen Of New Orleans,Redbone,False
Freddie's Dead,Curtis Mayfield,False
Taxi,Harry Chapin,False
Sealed With A Kiss,Bobby Vinton,False
I Saw The Light,Todd Rundgren,False
Motorcycle Mama,Sailcat,False
Roundabout,Yes,False
Doctor My Eyes,Jackson Browne,False
Speak To The Sky,Rick Springfield,False
My World Is Empty Without You,Supremes,False
Rainy Day Women #12 And 35,Bob Dylan,False
Woman,Peter and Gordon,False
Nowhere Man,Beatles,False
Dandy,Herman's Hermits,False
Baby Scratch My Back,Slim Harpo,False
She's Just My Style,Gary Lewis and The Playboys,False
The More I See You,Chris Montez,False
I Fought The Law,Bobby Fuller Four,False
Yellow Submarine,Beatles,False
Shapes Of Things,Yardbirds,False
634-5789,Wilson Pickett,False
So Anxious,Ginuwine,False
Back At One,Brian McKnight,False
When A Woman's Fed Up,R. Kelly,False
How Forever Feels,Kenny Chesney,False
Sometimes,Britney Spears,False
Ghetto Cowboy,Mo Thugs Family,False
Hard Knock Life,Jay-Z,False
Jamboree,Naughty By Nature,False
Lesson In Leavin',Jo Dee Messina,False
Iris,Goo Goo Dolls,False
Satisfy You,Puff Daddy,False
Write This Down,George Strait,False
When You Believe,Whitney Houston and Mariah Carey,False
God Must Have Spent A Little More Time On You,Alabama,False
Dangerous,Busta Rhymes,False
Spice Up Your Life,Spice Girls,False
Because Of You,98 Degrees,False
The Mummers' Dance,Loreena McKennitt,False
The One I Gave My Heart To,Aaliyah,False
Do For Love,2Pac,False
Raise The Roof,Luke,False
A Rose Is Still A Rose,Aretha Franklin,False
4 Seasons Of Loneliness,Boyz II Men,False
Father,LL Cool J,False
Thinkin' Bout It,Gerald Levert,False
Here We Go Again,Ray Charles,False
White Rabbit,Jefferson Airplane,False
Bernadette,Four Tops,False
The Beat Goes On,Sonny and Cher,False
Society's Child,Janis Ian,False
"Girl, You'll Be A Woman Soon",Neil Diamond,False
Ain't No Mountain High Enough,Marvin Gaye and Tammi Terrell,False
Here Comes My Baby,Tremeloes,False
I Dig Rock And Roll Music,"Peter, Paul and Mary",False
I Had Too Much To Dream Last Night,Electric Prunes,False
Daydream Believer,Monkees,False
Mirage,Tommy James and The Shondells,False
"Green, Green Grass Of Home",Tom Jones,False
Don't Sleep In The Subway,Petula Clark,False
Thank The Lord For The Night Time,Neil Diamond,False
Masterpiece,Temptations,False
Peaceful,Helen Reddy,False
Funky Worm,Ohio Players,False
Angie,Rolling Stones,False
Stir It Up,Johnny Nash,False
Money,Pink Floyd,False
Yes We Can Can,Pointer Sisters,False
Free Ride,Edgar Winter Group,False
Space Oddity,David Bowie,False
It Never Rains In Southern California,Albert Hammond,False
The Twelfth Of Never,Donny Osmond,False
Papa Was A Rolling Stone,Temptations,False
I Like It Like That,Dave Clark Five,False
True Love Ways,Peter and Gordon,False
It's The Same Old Song,Four Tops,False
The Last Time,Rolling Stones,False
Do You Believe In Magic,Lovin' Spoonful,False
All I Really Want To Do,Cher,False
Take Me Back,Little Anthony and The Imperials,False
Keep Searchin',Del Shannon,False
How Sweet It Is,Marvin Gaye,False
Amazing Grace,Judy Collins,False
I Hear You Knocking,Dave Edmunds,False
Lonely Days,Bee Gees,False
Here Comes That Rainy Day Feeling Again,Fortunes,False
Mama's Pearl,Jackson 5,False
If I Were Your Woman,Gladys Knight and The Pips,False
Love Her Madly,Doors,False
Here Comes The Sun,Richie Havens,False
Riders On The Storm,Doors,False
It's Impossible,Perry Como,False
The Letter,Joe Cocker,False
Yellow River,Christie,False
Vehicle,Ides Of March,False
Up The Ladder To The Roof,Supremes,False
Psychedelic Shack,Temptations,False
Without Love,Tom Jones,False
Woodstock,"Crosby, Stills, Nash and Young",False
I'll Never Fall In Love Again,Dionne Warwick,False
Walk A Mile In My Shoes,Joe South,False
The Thrill Is Gone,B.B. King,False
It's Only Make Believe,Glen Campbell,False
Call Me,Aretha Franklin,False
Chug-a-lug,Roger Miller,False
Dang Me,Roger Miller,False
Don't Throw Your Love Away,Searchers,False
Do You Love Me,Dave Clark Five,False
I Saw Her Standing There,Beatles,False
A Fool Never Learns,Andy Williams,False
Bad To Me,Billy J. Kramer and The Dakotas,False
There! I've Said It Again,Bobby Vinton,False
Louie Louie,Kingsmen,False
Needles And Pins,Searchers,False
Wonderful World,Sam Cooke,False
Young Emotions,Ricky Nelson,False
Dreamin',Johnny Burnette,False
Poetry In Motion,Johnny Tillotson,False
When Will I Be Loved,Everly Brothers,False
Little Bitty Girl,Bobby Rydell,False
A Love Song,Anne Murray,False
"Hello, It's Me",Todd Rundgren,False
I'll Have To Say I Love You In A Song,Jim Croce,False
Trying To Hold On To My Woman,Lamont Dozier,False
Don't You Worry 'Bout A Thing,Stevie Wonder,False
Helen Wheels,Paul McCartney,False
Beach Baby,First Class,False
I Honestly Love You,Olivia Newton-John,False
Call On Me,Chicago,False
"Mighty Love, Pt. 1",Spinners,False
Can't Get It Out Of My Head,Electric Light Orchestra,False
Lonely People,America,False
It Only Takes A Minute,Tavares,False
Bungle In The Jungle,Jethro Tull,False
Long Tall Glasses,Leo Sayer,False
Someone Saved My Life Tonight,Elton John,False
Misty,Ray Stevens,False
Bad Blood,Neil Sedaka,False
Only Yesterday,Carpenters,False
Only You,Ringo Starr,False
Swearin' To God,Frankie Valli,False
Breakin' In A Brand New Broken Heart,Connie Francis,False
Mama Said,Shirelles,False
Let The Four Winds Blow,Fats Domino,False
My Kind Of Girl,Matt Monroe,False
"Tonight My Love, Tonight",Paul Anka,False
Good Time Baby,Bobby Rydell,False
Dum Dum,Brenda Lee,False
You Can Depend On Me,Brenda Lee,False
Let's Twist Again,Chubby Checker,False
Are You Lonesome Tonight,Elvis Presley,False
Sea Of Heartbreak,Don Gibson,False
You Must Have Been A Beautiful Baby,Bobby Darin,False
Love So Right,Bee Gees,False
The Rubberband Man,Spinners,False
I Never Cry,Alice Cooper,False
Nobody Does It Better,Carly Simon,False
I Wanna Get Next To You,Rose Royce,False
Muskrat Love,Captain and Tennille,False
Walk This Way,Aerosmith,False
Year Of The Cat,Al Stewart,False
Go Your Own Way,Fleetwood Mac,False
Sorry Seems To Be The Hardest Word,Elton John,False
Don't Worry Baby,B.J. Thomas,False
"Knowing Me, Knowing You",ABBA,False
How Much Love,Leo Sayer,False
Ring Of Fire,Johnny Cash,False
Just One Look,Doris Troy,False
Judy's Turn To Cry,Lesley Gore,False
"Tie Me Kangaroo Down, Sport",Rolf Harris,False
"That Sunday, That Summer",Nat King Cole,False
Another Saturday Night,Sam Cooke,False
"Painted, Tainted Rose",Al Martino,False
Go Away Little Girl,Steve Lawrence,False
Take These Chains From My Heart,Ray Charles,False
Come And Get These Memories,Martha and The Vandellas,False
Bossa Nova Baby,Elvis Presley,False
Shut Down,Beach Boys,False
Little Town Flirt,Del Shannon,False
Always On My Mind,Pet Shop Boys,False
When It's Love,Van Halen,False
Don't Shed A Tear,Paul Carrack,False
I Hate Myself For Loving You,Joan Jett and The Blackhearts,False
I Don't Want To Live Without You,Foreigner,False
Don't You Know What The Night Can Do,Steve Winwood,False
One Moment In Time,Whitney Houston,False
Can't Stay Away From You,Gloria Estefan and Miami Sound Machine,False
Kissing A Fool,George Michael,False
I Found Someone,Cher,False
Never Tear Us Apart,INXS,False
Valerie,Steve Winwood,False
Nothin' But A Good Time,Poison,False
Prove Your Love,Taylor Dayne,False
Roni,Bobby Brown,False
Love In An Elevator,Aerosmith,False
Lay Your Hands On Me,Bon Jovi,False
What I Am,Edie Brickell and The New Bohemians,False
Paradise City,Guns N' Roses,False
She Wants To Dance With Me,Rick Astley,False
It's No Crime,Babyface,False
Poison,Alice Cooper,False
Smooth Criminal,Michael Jackson,False
Rock Wit'cha,Bobby Brown,False
The End Of The Innocence,Don Henley,False
Keep On Movin',Soul II Soul,False
Funny Way Of Laughin',Burl Ives,False
"Twist, Twist Senora",Gary U.S. Bonds,False
I'll Never Dance Again,Bobby Rydell,False
Where Have All The Flowers Gone,Kingston Trio,False
Town Without Pity,Gene Pitney,False
If I Had A Hammer,"Peter, Paul and Mary",False
Surfin' Safari,Beach Boys,False
She's Gone,Daryl Hall and John Oates,False
Rock And Roll Music,Beach Boys,False
Still The One,Orleans,False
With Your Love,Jefferson Starship,False
Slow Ride,Foghat,False
Walk Away From Love,David Ruffin,False
"Baby, I Love Your Way",Peter Frampton,False
Young Hearts Run Free,Candi Staton,False
Money Honey,Bay City Rollers,False
Tear The Roof Off The Sucker,Parliament,False
Tryin' To Get The Feeling Again,Barry Manilow,False
Rock And Roll All Nite,Kiss,False
The Boys Are Back In Town,Thin Lizzy,False
Take The Money And Run,Steve Miller Band,False
Country Boy,Glen Campbell,False
